axis,dataset,x,size,n_cells,r,train_path_over_geo,shell,temperature,p_obs,success,valid,reached,len_ratio,len_over_geo,val_success,n_params,pos_linear,pos_relu_2500,pos_spline_2500,pos_gap_2500,pos_relu_10000,pos_spline_10000,pos_gap_10000,pos_sae,dir_linear,dir_relu_2500,dir_spline_2500,dir_gap_2500,dir_relu_10000,dir_spline_10000,dir_gap_10000,dir_sae
hole,ring_r012,0.12,L3_d64,1117,0.12,1.0,0.0,0.0,0.0,0.996,0.996,0.997,1.0208314939100551,1.0208314939100551,0.993,225152,0.5509217381477356,0.7859434485435486,0.7921528816223145,0.006209433078765869,0.9009246826171875,0.9004985690116882,-0.0004261136054992676,0.9585967063903809,0.10780587047338486,0.4166918694972992,0.3333570957183838,-0.0833347737789154,0.6093677282333374,0.5764886736869812,-0.0328790545463562,0.6026619672775269
hole,ring_r012,0.12,L6_d256,1117,0.12,1.0,0.0,0.0,0.0,0.996,0.998,0.997,1.0276818871630462,1.0276818871630462,0.999,5036288,0.6116296648979187,0.5865519046783447,0.6116827130317688,0.025130808353424072,0.757533609867096,0.7847582697868347,0.02722465991973877,0.8720049858093262,0.2730598747730255,0.3565951883792877,0.3732413053512573,0.016646116971969604,0.49421441555023193,0.480217844247818,-0.01399657130241394,0.5671895146369934
hole,ring_r025,0.25,L3_d64,1926,0.25,1.0,0.0,0.0,0.0,0.987,0.989,0.995,1.0270824455543817,1.0270824455543817,0.986,276608,0.5278158783912659,0.7822299599647522,0.7409289479255676,-0.04130101203918457,0.8758528232574463,0.8821393847465515,0.006286561489105225,0.9173890948295593,0.19295088946819305,0.3579220771789551,0.30843257904052734,-0.049489498138427734,0.49827221035957336,0.4431636333465576,-0.05510857701301575,0.48304644227027893
hole,ring_r025,0.25,L6_d256,1926,0.25,1.0,0.0,0.0,0.0,0.995,0.996,0.999,1.0064598745283595,1.0064598745283595,0.997,5242112,0.6587861180305481,0.7227478623390198,0.7592213749885559,0.03647351264953613,0.7934265732765198,0.8341681361198425,0.040741562843322754,0.8364853858947754,0.24905067682266235,0.29775968194007874,0.30611559748649597,0.008355915546417236,0.3912823498249054,0.3616425096988678,-0.029639840126037598,0.44407495856285095
hole,ring_r040,0.4,L3_d64,2254,0.4,1.0,0.0,0.0,0.0,0.978,0.981,0.99,1.0461688488509553,1.0461688488509553,0.985,297536,0.47722363471984863,0.7634766697883606,0.7208809852600098,-0.04259568452835083,0.8665353655815125,0.8721888661384583,0.005653500556945801,0.8938086032867432,0.20553569495677948,0.3480871617794037,0.30037015676498413,-0.047717005014419556,0.45553961396217346,0.4131964445114136,-0.04234316945075989,0.44870099425315857
hole,ring_r040,0.4,L6_d256,2254,0.4,1.0,0.0,0.0,0.0,0.995,0.996,0.999,1.009876573480813,1.009876573480813,0.998,5325824,0.5465107560157776,0.6606159806251526,0.6756513714790344,0.015035390853881836,0.7612220644950867,0.7818201184272766,0.02059805393218994,0.7820789813995361,0.22731894254684448,0.27828940749168396,0.26738542318344116,-0.010903984308242798,0.348466157913208,0.31529006361961365,-0.03317609429359436,0.377814382314682
hole,ring_r050,0.5,L3_d64,2470,0.5,1.0,0.0,0.0,0.0,0.959,0.967,0.975,1.1363616420818796,1.1363616420818796,0.956,311296,0.41789913177490234,0.7485401034355164,0.7031723856925964,-0.04536771774291992,0.8509013056755066,0.8556026816368103,0.004701375961303711,0.8799893856048584,0.15474770963191986,0.2952617406845093,0.2620415985584259,-0.033220142126083374,0.396136999130249,0.3716296851634979,-0.0245073139667511,0.3736121356487274
hole,ring_r050,0.5,L6_d256,2470,0.5,1.0,0.0,0.0,0.0,0.992,0.992,0.999,1.0221282232539401,1.0221282232539401,0.999,5380864,0.6338640451431274,0.7395696640014648,0.7648261189460754,0.025256454944610596,0.8214122653007507,0.8581437468528748,0.03673148155212402,0.8391191959381104,0.2725229561328888,0.3231498897075653,0.311829537153244,-0.011320352554321289,0.37347206473350525,0.3494912087917328,-0.02398085594177246,0.3827227056026459
density,ring_n3k,3000.0,L3_d64,1401,0.25,1.0,0.0,0.0,0.0,0.996,0.996,0.999,1.0072919249500873,1.0072919249500873,0.998,242176,0.5867311358451843,0.8386402130126953,0.8186827301979065,-0.01995748281478882,0.9193152785301208,0.920447826385498,0.0011325478553771973,0.9451517462730408,0.23319776356220245,0.4479891359806061,0.3871830403804779,-0.060806095600128174,0.6039150953292847,0.5558232665061951,-0.0480918288230896,0.5931313633918762
density,ring_n3k,3000.0,L6_d256,1401,0.25,1.0,0.0,0.0,0.0,1.0,1.0,1.0,1.0074302269326187,1.0074302269326187,0.999,5104384,0.6658409237861633,0.7352827191352844,0.7644600868225098,0.029177367687225342,0.8173506855964661,0.8548082709312439,0.03745758533477783,0.8597134947776794,0.22101838886737823,0.29824042320251465,0.3169027268886566,0.018662303686141968,0.4208611249923706,0.4120576083660126,-0.008803516626358032,0.5019242763519287
density,ring_r025,11000.0,L3_d64,1926,0.25,1.0,0.0,0.0,0.0,0.987,0.989,0.995,1.0270824455543817,1.0270824455543817,0.986,276608,0.5278158783912659,0.7822299599647522,0.7409289479255676,-0.04130101203918457,0.8758528232574463,0.8821393847465515,0.006286561489105225,0.9173890948295593,0.19295088946819305,0.3579220771789551,0.30843257904052734,-0.049489498138427734,0.49827221035957336,0.4431636333465576,-0.05510857701301575,0.48304644227027893
density,ring_r025,11000.0,L6_d256,1926,0.25,1.0,0.0,0.0,0.0,0.995,0.996,0.999,1.0064598745283595,1.0064598745283595,0.997,5242112,0.6587861180305481,0.7227478623390198,0.7592213749885559,0.03647351264953613,0.7934265732765198,0.8341681361198425,0.040741562843322754,0.8364853858947754,0.24905067682266235,0.29775968194007874,0.30611559748649597,0.008355915546417236,0.3912823498249054,0.3616425096988678,-0.029639840126037598,0.44407495856285095
density,ring_n40k,40000.0,L3_d64,2123,0.25,1.0,0.0,0.0,0.0,0.975,0.977,0.988,1.0482720345331926,1.0482720345331926,0.982,289664,0.5310678482055664,0.7731735110282898,0.7458591461181641,-0.027314364910125732,0.8678175806999207,0.8645781874656677,-0.0032393932342529297,0.9036118984222412,0.13460516929626465,0.2971962094306946,0.2466776818037033,-0.05051852762699127,0.4141772985458374,0.37825560569763184,-0.035921692848205566,0.4149773120880127
density,ring_n40k,40000.0,L6_d256,2123,0.25,1.0,0.0,0.0,0.0,0.996,0.996,0.999,1.0114468786103454,1.0114468786103454,0.997,5294336,0.6222009062767029,0.67216557264328,0.7072307467460632,0.0350651741027832,0.7631350159645081,0.8009807467460632,0.037845730781555176,0.7973170876502991,0.210969939827919,0.2556326389312744,0.268585205078125,0.012952566146850586,0.33658328652381897,0.3023432195186615,-0.03424006700515747,0.37861838936805725
depth,ring_d4,4.0,L3_d64,456,0.25,1.0,0.0,0.0,0.0,1.0,1.0,1.0,0.9972616787714215,0.9972616787714215,1.0,181184,0.6636030077934265,0.9228140711784363,0.8912280201911926,-0.03158605098724365,0.9643914699554443,0.9694228172302246,0.0050313472747802734,0.9764983654022217,0.23887567222118378,0.5236895084381104,0.4554220736026764,-0.06826743483543396,0.6604929566383362,0.6209513545036316,-0.03954160213470459,0.6516690850257874
depth,ring_d4,4.0,L6_d256,456,0.25,1.0,0.0,0.0,0.0,1.0,1.0,1.0,1.001024208393192,1.001024208393192,1.0,4860416,0.6713128089904785,0.7529897689819336,0.7853959202766418,0.03240615129470825,0.8477337956428528,0.8708518147468567,0.023118019104003906,0.8974294066429138,0.2362719029188156,0.32811132073402405,0.33488965034484863,0.006778329610824585,0.4554192125797272,0.4280581474304199,-0.02736106514930725,0.5349848866462708
depth,ring_r025,5.0,L3_d64,1926,0.25,1.0,0.0,0.0,0.0,0.987,0.989,0.995,1.0270824455543817,1.0270824455543817,0.986,276608,0.5278158783912659,0.7822299599647522,0.7409289479255676,-0.04130101203918457,0.8758528232574463,0.8821393847465515,0.006286561489105225,0.9173890948295593,0.19295088946819305,0.3579220771789551,0.30843257904052734,-0.049489498138427734,0.49827221035957336,0.4431636333465576,-0.05510857701301575,0.48304644227027893
depth,ring_r025,5.0,L6_d256,1926,0.25,1.0,0.0,0.0,0.0,0.995,0.996,0.999,1.0064598745283595,1.0064598745283595,0.997,5242112,0.6587861180305481,0.7227478623390198,0.7592213749885559,0.03647351264953613,0.7934265732765198,0.8341681361198425,0.040741562843322754,0.8364853858947754,0.24905067682266235,0.29775968194007874,0.30611559748649597,0.008355915546417236,0.3912823498249054,0.3616425096988678,-0.029639840126037598,0.44407495856285095
depth,ring_d6,6.0,L3_d64,5369,0.25,1.0,0.0,0.0,0.0,0.367,0.379,0.386,1.3120682320903185,1.3120682320903185,0.381,498176,0.22378449141979218,0.5125043392181396,0.4932800233364105,-0.019224315881729126,0.7155010104179382,0.7275282740592957,0.012027263641357422,0.7946140170097351,0.009395022876560688,0.11243436485528946,0.07069206237792969,-0.04174230247735977,0.22659318149089813,0.18416641652584076,-0.04242676496505737,0.20067907869815826
depth,ring_d6,6.0,L6_d256,5369,0.25,1.0,0.0,0.0,0.0,0.987,0.988,0.998,1.0820935620349073,1.0820935620349073,0.989,6128384,0.6185094118118286,0.6838068962097168,0.6931338906288147,0.0093269944190979,0.7230472564697266,0.7678871154785156,0.04483985900878906,0.6591833233833313,0.2866280972957611,0.33300259709358215,0.3356660306453705,0.00266343355178833,0.36989501118659973,0.3633691370487213,-0.006525874137878418,0.3755345046520233
shell,ring_r025,0.0,L3_d64,1926,0.25,1.0,0.0,0.0,0.0,0.987,0.989,0.995,1.0270824455543817,1.0270824455543817,0.986,276608,0.5278158783912659,0.7822299599647522,0.7409289479255676,-0.04130101203918457,0.8758528232574463,0.8821393847465515,0.006286561489105225,0.9173890948295593,0.19295088946819305,0.3579220771789551,0.30843257904052734,-0.049489498138427734,0.49827221035957336,0.4431636333465576,-0.05510857701301575,0.48304644227027893
shell,ring_r025,0.0,L6_d256,1926,0.25,1.0,0.0,0.0,0.0,0.995,0.996,0.999,1.0064598745283595,1.0064598745283595,0.997,5242112,0.6587861180305481,0.7227478623390198,0.7592213749885559,0.03647351264953613,0.7934265732765198,0.8341681361198425,0.040741562843322754,0.8364853858947754,0.24905067682266235,0.29775968194007874,0.30611559748649597,0.008355915546417236,0.3912823498249054,0.3616425096988678,-0.029639840126037598,0.44407495856285095
shell,ring_shell015,0.15,L3_d64,2380,0.25,1.0,0.15,0.0,0.0,0.991,0.992,0.997,1.0359355918917357,1.0359355918917357,0.991,305664,0.48247966170310974,0.7788394093513489,0.7386478781700134,-0.04019153118133545,0.8726093173027039,0.8797668814659119,0.007157564163208008,0.9126257300376892,0.17124025523662567,0.36773061752319336,0.31388163566589355,-0.053848981857299805,0.5037752985954285,0.46163973212242126,-0.0421355664730072,0.498011976480484
shell,ring_shell015,0.15,L6_d256,2380,0.25,1.0,0.15,0.0,0.0,0.992,0.993,0.999,1.011566892846431,1.011566892846431,0.996,5358336,0.6266740560531616,0.6925696730613708,0.7199802398681641,0.027410566806793213,0.7667436599731445,0.8085465431213379,0.04180288314819336,0.8003919720649719,0.22095811367034912,0.2695816159248352,0.28243210911750793,0.01285049319267273,0.38024774193763733,0.35426560044288635,-0.025982141494750977,0.4327521324157715
shell,ring_shell030,0.3,L3_d64,2985,0.25,1.0,0.3,0.0,0.0,0.98,0.984,0.993,1.0398929875581582,1.0398929875581582,0.984,344064,0.5473883748054504,0.7758404612541199,0.7442154884338379,-0.03162497282028198,0.8603549003601074,0.8621349930763245,0.001780092716217041,0.8923490643501282,0.18246322870254517,0.3378799855709076,0.3108697235584259,-0.02701026201248169,0.47037753462791443,0.42674562335014343,-0.043631911277770996,0.45900359749794006
shell,ring_shell030,0.3,L6_d256,2985,0.25,1.0,0.3,0.0,0.0,0.992,0.992,1.0,1.0187868207516335,1.0187868207516335,0.993,5511936,0.6308383941650391,0.6858112812042236,0.7244882583618164,0.03867697715759277,0.778498649597168,0.8137311935424805,0.0352325439453125,0.7988460063934326,0.18800382316112518,0.24993157386779785,0.25380733609199524,0.0038757622241973877,0.3549409806728363,0.33125415444374084,-0.02368682622909546,0.42227450013160706
shell,ring_shell060,0.6,L3_d64,3897,0.25,1.0,0.6,0.0,0.0,0.953,0.954,0.993,1.0541526999023818,1.0541526999023818,0.969,402112,0.521351158618927,0.7723426222801208,0.7512483596801758,-0.02109426259994507,0.8545145988464355,0.8593406081199646,0.004826009273529053,0.8731533885002136,0.19038258492946625,0.35156551003456116,0.3120279014110565,-0.03953760862350464,0.4581259787082672,0.41697457432746887,-0.04115140438079834,0.44542253017425537
shell,ring_shell060,0.6,L6_d256,3897,0.25,1.0,0.6,0.0,0.0,0.982,0.982,1.0,1.024686871149395,1.024686871149395,0.989,5744128,0.5973694920539856,0.6492133736610413,0.7089569568634033,0.05974358320236206,0.7612977027893066,0.799738347530365,0.03844064474105835,0.7791656851768494,0.1644805520772934,0.24327366054058075,0.2486974447965622,0.005423784255981445,0.33064186573028564,0.29878339171409607,-0.031858474016189575,0.36313900351524353
temperature,ring_r025,0.0,L3_d64,1926,0.25,1.0,0.0,0.0,0.0,0.987,0.989,0.995,1.0270824455543817,1.0270824455543817,0.986,276608,0.5278158783912659,0.7822299599647522,0.7409289479255676,-0.04130101203918457,0.8758528232574463,0.8821393847465515,0.006286561489105225,0.9173890948295593,0.19295088946819305,0.3579220771789551,0.30843257904052734,-0.049489498138427734,0.49827221035957336,0.4431636333465576,-0.05510857701301575,0.48304644227027893
temperature,ring_r025,0.0,L6_d256,1926,0.25,1.0,0.0,0.0,0.0,0.995,0.996,0.999,1.0064598745283595,1.0064598745283595,0.997,5242112,0.6587861180305481,0.7227478623390198,0.7592213749885559,0.03647351264953613,0.7934265732765198,0.8341681361198425,0.040741562843322754,0.8364853858947754,0.24905067682266235,0.29775968194007874,0.30611559748649597,0.008355915546417236,0.3912823498249054,0.3616425096988678,-0.029639840126037598,0.44407495856285095
temperature,ring_T025,0.25,L3_d64,1926,0.25,1.145593523979187,0.0,0.25,0.0,0.995,0.996,0.995,0.918429195090811,1.0521465381294504,0.993,277568,0.7048816680908203,0.8924899101257324,0.8766714930534363,-0.015818417072296143,0.950462281703949,0.954714834690094,0.0042525529861450195,0.9722506403923035,0.25532108545303345,0.3814636170864105,0.3505725562572479,-0.030891060829162598,0.4624735414981842,0.4434291422367096,-0.01904439926147461,0.4417625963687897
temperature,ring_T025,0.25,L6_d256,1926,0.25,1.145593523979187,0.0,0.25,0.0,0.998,0.998,0.998,0.9341284950323026,1.07013155447343,0.999,5245952,0.6910380721092224,0.7713220119476318,0.7977607846260071,0.026438772678375244,0.8486550450325012,0.8795239329338074,0.030868887901306152,0.902498722076416,0.2100180983543396,0.2529192864894867,0.25632432103157043,0.0034050345420837402,0.32694992423057556,0.29899463057518005,-0.027955293655395508,0.3841933310031891
temperature,ring_T05,0.5,L3_d64,1926,0.25,1.454681158065796,0.0,0.5,0.0,0.941,0.942,0.941,0.9242164159850206,1.344440206308509,0.94,279296,0.7309829592704773,0.9219831824302673,0.9128425717353821,-0.009140610694885254,0.9628861546516418,0.9637596011161804,0.0008734464645385742,0.9763001799583435,0.17266438901424408,0.26252061128616333,0.23296479880809784,-0.02955581247806549,0.3177975118160248,0.29629722237586975,-0.02150028944015503,0.2956325113773346
temperature,ring_T05,0.5,L6_d256,1926,0.25,1.454681158065796,0.0,0.5,0.0,0.994,0.996,0.995,0.8935728516749101,1.2998635906906137,0.99,5252864,0.6551894545555115,0.7440059185028076,0.7701177597045898,0.026111841201782227,0.8280725479125977,0.8568337559700012,0.028761208057403564,0.8851876854896545,0.12857858836650848,0.15602220594882965,0.13879306614398956,-0.017229139804840088,0.1886175274848938,0.14992932975292206,-0.03868819773197174,0.2247321456670761
p_obs,ring_r025,0.0,L3_d64,1926,0.25,1.0,0.0,0.0,0.0,0.987,0.989,0.995,1.0270824455543817,1.0270824455543817,0.986,276608,0.5278158783912659,0.7822299599647522,0.7409289479255676,-0.04130101203918457,0.8758528232574463,0.8821393847465515,0.006286561489105225,0.9173890948295593,0.19295088946819305,0.3579220771789551,0.30843257904052734,-0.049489498138427734,0.49827221035957336,0.4431636333465576,-0.05510857701301575,0.48304644227027893
p_obs,ring_r025,0.0,L6_d256,1926,0.25,1.0,0.0,0.0,0.0,0.995,0.996,0.999,1.0064598745283595,1.0064598745283595,0.997,5242112,0.6587861180305481,0.7227478623390198,0.7592213749885559,0.03647351264953613,0.7934265732765198,0.8341681361198425,0.040741562843322754,0.8364853858947754,0.24905067682266235,0.29775968194007874,0.30611559748649597,0.008355915546417236,0.3912823498249054,0.3616425096988678,-0.029639840126037598,0.44407495856285095
p_obs,ring_obs005,0.05,L3_d64,1926,0.25,1.0,0.0,0.0,0.05,0.978,0.979,0.996,1.0220560773149023,1.0220560773149023,0.979,276608,0.6784701347351074,0.8775463104248047,0.8666982650756836,-0.010848045349121094,0.9360185265541077,0.9439609050750732,0.007942378520965576,0.9429659843444824,0.202314555644989,0.41070425510406494,0.3606140911579132,-0.05009016394615173,0.5299587845802307,0.48586270213127136,-0.04409608244895935,0.5206486582756042
p_obs,ring_obs005,0.05,L6_d256,1926,0.25,1.0,0.0,0.0,0.05,0.957,0.958,0.996,1.0244528176230598,1.0244528176230598,0.942,5242112,0.7733920216560364,0.8342134952545166,0.8620028495788574,0.02778935432434082,0.902313232421875,0.9307095408439636,0.028396308422088623,0.918519914150238,0.26934078335762024,0.3505087196826935,0.3566361963748932,0.006127476692199707,0.4530492126941681,0.4171887934207916,-0.035860419273376465,0.5107400417327881
p_obs,ring_obs015,0.15,L3_d64,1926,0.25,1.0,0.0,0.0,0.15,0.949,0.952,0.997,1.007477597598644,1.007477597598644,0.939,276608,0.719491183757782,0.9057204127311707,0.8931457996368408,-0.012574613094329834,0.9490079879760742,0.9551717638969421,0.00616377592086792,0.9509509205818176,0.19275307655334473,0.4011804163455963,0.3542555570602417,-0.046924859285354614,0.49352025985717773,0.4591647684574127,-0.034355491399765015,0.4787460267543793
p_obs,ring_obs015,0.15,L6_d256,1926,0.25,1.0,0.0,0.0,0.15,0.905,0.905,0.997,1.01231587285892,1.01231587285892,0.895,5242112,0.7794556021690369,0.8372668623924255,0.873188316822052,0.035921454429626465,0.9105041027069092,0.9379191398620605,0.027415037155151367,0.9286511540412903,0.23014922440052032,0.325366348028183,0.3333819806575775,0.008015632629394531,0.4454086720943451,0.4134449064731598,-0.0319637656211853,0.5015540719032288
chain,chain_r025,0.25,L3_d64,1288,0.25,1.0,0.0,0.0,0.0,0.994,0.995,0.999,1.0266736474960516,1.0266736474960516,0.996,235776,0.578159511089325,0.884007453918457,0.8581511378288269,-0.025856316089630127,0.9384036064147949,0.9509134292602539,0.012509822845458984,0.9461174607276917,0.19149528443813324,0.5129852294921875,0.44702816009521484,-0.06595706939697266,0.6503210663795471,0.6194760799407959,-0.03084498643875122,0.6433704495429993
chain,chain_r025,0.25,L6_d256,1288,0.25,1.0,0.0,0.0,0.0,0.996,0.996,1.0,1.0104634472889242,1.0104634472889242,0.998,5078784,0.6034737825393677,0.7496986389160156,0.7710468173027039,0.021348178386688232,0.8376920223236084,0.859048068523407,0.021356046199798584,0.832524299621582,0.1563967913389206,0.28052249550819397,0.3076523244380951,0.027129828929901123,0.4434044063091278,0.43979987502098083,-0.0036045312881469727,0.5233533978462219
chain,chain_r045,0.45,L3_d64,1958,0.45,1.0,0.0,0.0,0.0,0.996,0.997,0.999,1.0145310240194891,1.0145310240194891,0.999,278272,0.4866444170475006,0.8031737208366394,0.7605341076850891,-0.04263961315155029,0.883979856967926,0.8890867233276367,0.005106866359710693,0.8960595726966858,0.16683506965637207,0.35743847489356995,0.2928737699985504,-0.06456470489501953,0.4702894985675812,0.42107954621315,-0.04920995235443115,0.45502111315727234
chain,chain_r045,0.45,L6_d256,1958,0.45,1.0,0.0,0.0,0.0,0.997,0.997,1.0,1.0120621253234459,1.0120621253234459,0.996,5248768,0.5939999222755432,0.705287516117096,0.7216131091117859,0.01632559299468994,0.7988279461860657,0.8285736441612244,0.02974569797515869,0.8090013861656189,0.19558513164520264,0.2764613628387451,0.27074968814849854,-0.005711674690246582,0.34683510661125183,0.30674341320991516,-0.04009169340133667,0.40286803245544434
