shape,family,size,seed,n_params,steps,lr,val_acc,test_acc,test_acc_exterior,test_acc_surface,test_acc_interior,test_acc_near,test_acc_surface_Kneg,test_acc_surface_Kpos,test_acc_cavity,test_loss,train_acc,sparsity,best_step,seconds
sphere_skeleton,sae,"{""m"": 2}",0,17,3000,0.005,0.5688090324401855,0.5762618184089661,0.8316345810890198,0.20397351682186127,0.48479998111724854,0.45623835921287537,0.21869781613349915,0.19429199397563934,0.42629483342170715,0.9755573868751526,0.5770848989486694,0.4998151361942291,650,4.4
sphere_skeleton,sae,"{""m"": 2}",1,17,3000,0.005,0.4882385730743408,0.489739328622818,1.0,0.0,0.0,0.45996275544166565,0.0,0.0,0.9920319318771362,1.044106364250183,0.4954778850078583,0.5715474486351013,50,3.0
sphere_skeleton,sae,"{""m"": 4}",0,31,3000,0.005,0.4882385730743408,0.489739328622818,1.0,0.0,0.0,0.45996275544166565,0.0,0.0,0.9920319318771362,1.034793496131897,0.4954778850078583,0.26876503229141235,50,3.2
sphere_skeleton,sae,"{""m"": 4}",1,31,3000,0.005,0.5612150430679321,0.5564799308776855,0.8316345810890198,0.28410595655441284,0.30239999294281006,0.37057727575302124,0.4908180236816406,0.14818879961967468,0.007968127727508545,0.8113028407096863,0.562042236328125,0.5483453869819641,2950,3.1
sphere_skeleton,sae,"{""m"": 8}",0,59,3000,0.005,0.6278940439224243,0.6182289123535156,0.7538694143295288,0.24834437668323517,0.7775999903678894,0.41527003049850464,0.1151919811964035,0.3358946144580841,0.007968127727508545,0.7418336272239685,0.630280613899231,0.22157515585422516,1950,3.2
sphere_skeleton,sae,"{""m"": 8}",1,59,3000,0.005,0.6273384094238281,0.6256240010261536,0.7923744916915894,0.3337748348712921,0.6247999668121338,0.3910614550113678,0.45075124502182007,0.2568605840206146,0.007968127727508545,0.7791182994842529,0.6328846216201782,0.4547744691371918,2100,4.2
sphere_skeleton,sae,"{""m"": 16}",0,115,3000,0.005,0.702537477016449,0.6929192543029785,0.7727444767951965,0.4860927164554596,0.7735999822616577,0.4040968418121338,0.25542569160461426,0.6377606987953186,0.19920319318771362,0.6490333676338196,0.7016577124595642,0.3164401948451996,2900,3.9
sphere_skeleton,sae,"{""m"": 16}",1,115,3000,0.005,0.6564178466796875,0.645775556564331,0.76481693983078,0.47549670934677124,0.5992000102996826,0.35754191875457764,0.3372287154197693,0.5664105415344238,0.023904383182525635,0.6995517611503601,0.6517170071601868,0.39296776056289673,2500,3.2
sphere_skeleton,sae,"{""m"": 32}",0,227,3000,0.005,0.7732913494110107,0.7740802764892578,0.8240845799446106,0.6662251949310303,0.7983999848365784,0.3947858512401581,0.5592654347419739,0.7365532517433167,0.5219123363494873,0.5226344466209412,0.7806839942932129,0.2538708746433258,2950,3.1
sphere_skeleton,sae,"{""m"": 32}",1,227,3000,0.005,0.7931098341941833,0.7970049977302551,0.8512646555900574,0.7059602737426758,0.7919999957084656,0.4003724455833435,0.5993322134017944,0.776070237159729,0.7450199127197266,0.49290931224823,0.7979586720466614,0.29937952756881714,3000,3.2
sphere_skeleton,sae,"{""m"": 64}",0,451,3000,0.005,0.8349694609642029,0.8458125591278076,0.8822197318077087,0.8099337816238403,0.8119999766349792,0.4320298135280609,0.6894824504852295,0.8891328573226929,0.8207171559333801,0.4045538902282715,0.8462021350860596,0.22926199436187744,3000,3.5
sphere_skeleton,sae,"{""m"": 64}",1,451,3000,0.005,0.8503426313400269,0.8644851446151733,0.8924122452735901,0.8490066528320312,0.8240000009536743,0.45623835921287537,0.6978297233581543,0.9484083652496338,0.8207171559333801,0.3857080340385437,0.8580362796783447,0.23048391938209534,2550,3.5
sphere_skeleton,sae,"{""m"": 128}",0,899,3000,0.005,0.8966475129127502,0.9046034812927246,0.9177048206329346,0.9165562987327576,0.8623999953269958,0.4543761610984802,0.8280467391014099,0.9747530221939087,0.8565737009048462,0.289452463388443,0.9057217836380005,0.19990409910678864,2600,5.0
sphere_skeleton,sae,"{""m"": 128}",1,899,3000,0.005,0.912391185760498,0.9164355993270874,0.9252548217773438,0.9423841238021851,0.8664000034332275,0.45623835921287537,0.8747912645339966,0.9868276715278625,0.8764940500259399,0.25362157821655273,0.9165329933166504,0.2094787061214447,2950,5.0
sphere_skeleton,sae,"{""m"": 256}",0,1795,3000,0.005,0.9131320714950562,0.919023871421814,0.9275198578834534,0.9430463910102844,0.871999979019165,0.4767225384712219,0.8781301975250244,0.985729992389679,0.8685259222984314,0.2488972544670105,0.9192532300949097,0.14941388368606567,3000,7.8
sphere_skeleton,sae,"{""m"": 256}",1,1795,3000,0.005,0.9147990345954895,0.9175448417663574,0.9301623702049255,0.9403973817825317,0.8631999492645264,0.46927374601364136,0.8781301975250244,0.9813392162322998,0.8565737009048462,0.2512859106063843,0.9194624423980713,0.1464710235595703,2700,7.8
sphere_skeleton,sae,"{""m"": 512}",0,3587,3000,0.005,0.9240599870681763,0.9323350191116333,0.936202347278595,0.9655629396438599,0.8840000033378601,0.4972067177295685,0.9348914623260498,0.985729992389679,0.8884462118148804,0.21578145027160645,0.9327846169471741,0.1042666882276535,2950,14.8
sphere_skeleton,sae,"{""m"": 512}",1,3587,3000,0.005,0.9131320714950562,0.9208726286888123,0.9294073581695557,0.9456954002380371,0.8727999925613403,0.47858473658561707,0.8898163437843323,0.9824368953704834,0.8605577945709229,0.243331179022789,0.9204389452934265,0.08650260418653488,2650,23.4
sphere_skeleton,sae,"{""m"": 1024}",0,7171,3000,0.005,0.9177625179290771,0.9232760667800903,0.9358248710632324,0.9476821422576904,0.8671999573707581,0.4804469347000122,0.9065108299255371,0.9747530221939087,0.8486056327819824,0.23053433001041412,0.9262514114379883,0.06113815680146217,2950,40.7
sphere_skeleton,sae,"{""m"": 1024}",1,7171,3000,0.005,0.9179477691650391,0.921427309513092,0.936202347278595,0.9423841238021851,0.864799976348877,0.4841713309288025,0.8948246836662292,0.9736553430557251,0.8525896668434143,0.2304801642894745,0.9256236553192139,0.059660766273736954,3000,42.0
sphere_skeleton,sae,"{""m"": 2048}",0,14339,3000,0.005,0.906464159488678,0.9151414632797241,0.9339373707771301,0.9238410592079163,0.864799976348877,0.5046554803848267,0.8614357113838196,0.9648737907409668,0.8685259222984314,0.2562340497970581,0.9129292368888855,0.03465406969189644,2650,95.3
sphere_skeleton,sae,"{""m"": 2048}",1,14339,3000,0.005,0.9166512489318848,0.9216121435165405,0.9377123713493347,0.937748372554779,0.8679999709129333,0.5083798766136169,0.8931552171707153,0.967069149017334,0.8605577945709229,0.24330732226371765,0.9205551743507385,0.0353991724550724,3000,119.8
sphere_skeleton,sae,"{""m"": 4096}",0,28675,3000,0.005,0.9160955548286438,0.9236457943916321,0.9433748722076416,0.929801344871521,0.8743999600410461,0.5158286690711975,0.8681135177612305,0.9703622460365295,0.8645418882369995,0.2315296232700348,0.9225546717643738,0.019081469625234604,2750,222.1
sphere_skeleton,sae,"{""m"": 4096}",1,28675,3000,0.005,0.9116503000259399,0.9168053269386292,0.9358248710632324,0.9284768104553223,0.8623999953269958,0.4934823215007782,0.8848080039024353,0.9571899175643921,0.8446215391159058,0.2529240548610687,0.9184626936912537,0.018902868032455444,2850,224.5
sphere_skeleton,relu1,"{""m"": 2}",0,17,3000,0.005,0.5684385895729065,0.575707197189331,0.8282371163368225,0.21854305267333984,0.47200000286102295,0.4450651705265045,0.230383962392807,0.21075740456581116,0.42629483342170715,0.9756189584732056,0.575736403465271,0.5083194971084595,550,8.2
sphere_skeleton,relu1,"{""m"": 2}",1,17,3000,0.005,0.4882385730743408,0.489739328622818,1.0,0.0,0.0,0.45996275544166565,0.0,0.0,0.9920319318771362,1.0440551042556763,0.4954778850078583,0.5794971585273743,50,8.2
sphere_skeleton,relu1,"{""m"": 4}",0,31,3000,0.005,0.4882385730743408,0.489739328622818,1.0,0.0,0.0,0.45996275544166565,0.0,0.0,0.9920319318771362,1.0347003936767578,0.4954778850078583,0.2745886445045471,50,8.0
sphere_skeleton,relu1,"{""m"": 4}",1,31,3000,0.005,0.5614002346992493,0.5559253096580505,0.8316345810890198,0.2827814519405365,0.30159997940063477,0.37057727575302124,0.4891485571861267,0.1470911055803299,0.007968127727508545,0.8109725713729858,0.5624840259552002,0.5494084358215332,2800,8.0
sphere_skeleton,relu1,"{""m"": 8}",0,59,3000,0.005,0.6273384094238281,0.6178591251373291,0.7512269020080566,0.2503311336040497,0.7791999578475952,0.4078212380409241,0.1151919811964035,0.33918771147727966,0.007968127727508545,0.741741955280304,0.631001353263855,0.22134406864643097,2150,7.8
sphere_skeleton,relu1,"{""m"": 8}",1,59,3000,0.005,0.6293758153915405,0.6269181370735168,0.7916194796562195,0.34172186255455017,0.6223999857902527,0.38919925689697266,0.4540901482105255,0.2678375542163849,0.007968127727508545,0.7787191271781921,0.6339773535728455,0.456207275390625,2150,7.5
sphere_skeleton,relu1,"{""m"": 16}",0,115,3000,0.005,0.7066123485565186,0.7093732953071594,0.7685919404029846,0.5602648854255676,0.7639999985694885,0.3817504644393921,0.45742902159690857,0.6278814673423767,0.2470119595527649,0.6369873285293579,0.7108181715011597,0.3365802466869354,2600,7.6
sphere_skeleton,relu1,"{""m"": 16}",1,115,3000,0.005,0.6390072107315063,0.6322795748710632,0.7550019025802612,0.44304636120796204,0.6007999777793884,0.38361266255378723,0.2821368873119354,0.5488474369049072,0.007968127727508545,0.7046654224395752,0.6375113129615784,0.4281059503555298,2700,7.5
sphere_skeleton,relu1,"{""m"": 32}",0,227,3000,0.005,0.8066308498382568,0.803290843963623,0.8557946681976318,0.7172185778617859,0.7960000038146973,0.3724394738674164,0.5859766006469727,0.8035126328468323,0.7410358786582947,0.47679805755615234,0.8097463250160217,0.2857101559638977,3000,6.2
sphere_skeleton,relu1,"{""m"": 32}",1,227,3000,0.005,0.769957423210144,0.7696431875228882,0.8418271541595459,0.6523178815841675,0.7583999633789062,0.3910614550113678,0.41402336955070496,0.809001088142395,0.7211155891418457,0.5421568155288696,0.7726628184318542,0.43499839305877686,2700,6.2
sphere_skeleton,relu1,"{""m"": 64}",0,451,3000,0.005,0.8596036434173584,0.8661490678787231,0.8954322338104248,0.8490066528320312,0.8247999548912048,0.42830541729927063,0.7662771344184875,0.9034028649330139,0.8605577945709229,0.3640577793121338,0.869591474533081,0.3579162061214447,2600,7.7
sphere_skeleton,relu1,"{""m"": 64}",1,451,3000,0.005,0.8466382622718811,0.8565354347229004,0.8901472687721252,0.8344370722770691,0.8119999766349792,0.45065176486968994,0.7061769366264343,0.9187706112861633,0.8127490282058716,0.385680615901947,0.8584083318710327,0.4134284555912018,2950,7.9
sphere_skeleton,relu1,"{""m"": 128}",0,899,3000,0.005,0.8927578926086426,0.891662061214447,0.9078897833824158,0.8933774828910828,0.8551999926567078,0.43016761541366577,0.8013355135917664,0.9538968205451965,0.8486056327819824,0.29758933186531067,0.895840585231781,0.4825277030467987,2550,11.1
sphere_skeleton,relu1,"{""m"": 128}",1,899,3000,0.005,0.9001666903495789,0.9049732089042664,0.9146848320960999,0.9218543171882629,0.8639999628067017,0.45996275544166565,0.8497495651245117,0.969264566898346,0.8804781436920166,0.2812802493572235,0.9055590033531189,0.4941937327384949,2650,11.1
sphere_skeleton,relu1,"{""m"": 256}",0,1795,3000,0.005,0.9257269501686096,0.9351081848144531,0.9426198601722717,0.9602649211883545,0.8887999653816223,0.5270018577575684,0.913188636302948,0.9912184476852417,0.8725099563598633,0.21535274386405945,0.9333891272544861,0.47302675247192383,2900,15.7
sphere_skeleton,relu1,"{""m"": 256}",1,1795,3000,0.005,0.9270235300064087,0.9275282025337219,0.9358248710632324,0.9582781791687012,0.8727999925613403,0.4748603403568268,0.9065108299255371,0.9923161268234253,0.8844621777534485,0.22653605043888092,0.9305526614189148,0.4646393954753876,2800,16.0
sphere_skeleton,relu1,"{""m"": 512}",0,3587,3000,0.005,0.9360992908477783,0.9375115633010864,0.9414873719215393,0.9728477001190186,0.8863999843597412,0.5009310841560364,0.9398998022079468,0.9945115447044373,0.8844621777534485,0.19957150518894196,0.9407826066017151,0.4976291060447693,2950,24.0
sphere_skeleton,relu1,"{""m"": 512}",1,3587,3000,0.005,0.9346175193786621,0.937881350517273,0.9441298842430115,0.9701986908912659,0.8855999708175659,0.5009310841560364,0.9382303357124329,0.9912184476852417,0.892430305480957,0.19415047764778137,0.9416428208351135,0.48779162764549255,3000,24.2
sphere_skeleton,relu1,"{""m"": 1024}",0,7171,3000,0.005,0.9398036599159241,0.941394031047821,0.9467723965644836,0.9748344421386719,0.8895999789237976,0.5251396894454956,0.9465776085853577,0.9934138655662537,0.9003984332084656,0.18638575077056885,0.944130539894104,0.4738099277019501,3000,38.7
sphere_skeleton,relu1,"{""m"": 1024}",1,7171,3000,0.005,0.9422115087509155,0.9432427883148193,0.9513024091720581,0.9768211841583252,0.8855999708175659,0.5288640856742859,0.9532554149627686,0.9923161268234253,0.9003984332084656,0.17817354202270508,0.9474320411682129,0.4674587547779083,2950,36.8
sphere_skeleton,relu1,"{""m"": 2048}",0,14339,3000,0.005,0.945175051689148,0.9463856816291809,0.952057421207428,0.981456995010376,0.8919999599456787,0.5418994426727295,0.9632720947265625,0.9934138655662537,0.9003984332084656,0.16901837289333344,0.950314998626709,0.4821273386478424,2800,69.2
sphere_skeleton,relu1,"{""m"": 2048}",1,14339,3000,0.005,0.9448046088218689,0.9452764391899109,0.9528124332427979,0.9788079857826233,0.8887999653816223,0.5381750464439392,0.9565942883491516,0.9934138655662537,0.9123506546020508,0.16811300814151764,0.949478030204773,0.4812139570713043,2900,72.1
sphere_skeleton,relu1,"{""m"": 4096}",0,28675,3000,0.005,0.9479533433914185,0.9469403028488159,0.9516798853874207,0.9834437370300293,0.892799973487854,0.5456238389015198,0.9666109681129456,0.9945115447044373,0.9003984332084656,0.16263622045516968,0.9525005221366882,0.4817664325237274,2700,120.8
sphere_skeleton,relu1,"{""m"": 4096}",1,28675,3000,0.005,0.9453602433204651,0.9460159540176392,0.9509248733520508,0.9821192026138306,0.8919999599456787,0.5474860668182373,0.9632720947265625,0.9945115447044373,0.9043824672698975,0.16992118954658508,0.950082540512085,0.4914146065711975,2800,119.6
sphere_skeleton,mlp2,"{""h"": 2}",0,23,3000,0.005,0.4882385730743408,0.489739328622818,1.0,0.0,0.0,0.45996275544166565,0.0,0.0,0.9920319318771362,1.061680555343628,0.4954778850078583,nan,50,9.6
sphere_skeleton,mlp2,"{""h"": 2}",1,23,3000,0.005,0.4882385730743408,0.489739328622818,1.0,0.0,0.0,0.45996275544166565,0.0,0.0,0.9920319318771362,1.0617027282714844,0.4954778850078583,nan,50,9.7
sphere_skeleton,mlp2,"{""h"": 3}",0,36,3000,0.005,0.5078718066215515,0.49990758299827576,0.8878822326660156,0.09205298125743866,0.1703999936580658,0.4674115478992462,0.08514189720153809,0.09659714996814728,0.5657370686531067,0.984912097454071,0.505638062953949,nan,250,9.7
sphere_skeleton,mlp2,"{""h"": 3}",1,36,3000,0.005,0.5695499181747437,0.5768164396286011,0.8331446051597595,0.20728477835655212,0.47999998927116394,0.45996275544166565,0.22036726772785187,0.1986827701330185,0.42629483342170715,0.9754815697669983,0.5778289437294006,nan,850,9.8
sphere_skeleton,mlp2,"{""h"": 4}",0,51,3000,0.005,0.4882385730743408,0.489739328622818,1.0,0.0,0.0,0.45996275544166565,0.0,0.0,0.9920319318771362,1.0614961385726929,0.4954778850078583,nan,100,9.6
sphere_skeleton,mlp2,"{""h"": 4}",1,51,3000,0.005,0.6482681632041931,0.6317248940467834,0.6402416229248047,0.42649006843566895,0.8615999817848206,0.4096834361553192,0.03672787919640541,0.6827661991119385,0.007968127727508545,0.7103775143623352,0.6374415755271912,nan,2650,9.6
sphere_skeleton,mlp2,"{""h"": 6}",0,87,3000,0.005,0.741989254951477,0.730819046497345,0.8221970796585083,0.5649006962776184,0.7375999689102173,0.36685287952423096,0.32888147234916687,0.7200878262519836,0.6215139627456665,0.5859553217887878,0.7369974851608276,nan,2300,9.5
sphere_skeleton,mlp2,"{""h"": 6}",1,87,3000,0.005,0.5308390259742737,0.5335552096366882,0.7353718280792236,0.2403973489999771,0.4599999785423279,0.38919925689697266,0.1435726135969162,0.3040614724159241,0.306772917509079,0.868370771408081,0.5355839133262634,nan,3000,9.5
sphere_skeleton,mlp2,"{""h"": 8}",0,131,3000,0.005,0.7456936240196228,0.740432620048523,0.7976595163345337,0.6450331211090088,0.7343999743461609,0.32588455080986023,0.27879798412323,0.8858397603034973,0.7450199127197266,0.57499760389328,0.7452046871185303,nan,2200,9.2
sphere_skeleton,mlp2,"{""h"": 8}",1,131,3000,0.005,0.7373587489128113,0.7267517447471619,0.7980369925498962,0.5920529961585999,0.7383999824523926,0.3426443338394165,0.16861435770988464,0.8704720139503479,0.7250996232032776,0.6047946214675903,0.7314175367355347,nan,650,9.4
sphere_skeleton,mlp2,"{""h"": 12}",0,243,3000,0.005,0.7997777462005615,0.8058791160583496,0.8422046303749084,0.7456953525543213,0.8015999794006348,0.33519554138183594,0.45742902159690857,0.9352360367774963,0.7250996232032776,0.454988032579422,0.8055148720741272,nan,3000,9.3
sphere_skeleton,mlp2,"{""h"": 12}",1,243,3000,0.005,0.8329319953918457,0.8265853524208069,0.8588146567344666,0.7960265278816223,0.795199990272522,0.33147114515304565,0.6811351776123047,0.8715696930885315,0.804780900478363,0.39098045229911804,0.8310897350311279,nan,2200,9.3
sphere_skeleton,mlp2,"{""h"": 16}",0,387,3000,0.005,0.8833116888999939,0.882603108882904,0.915439784526825,0.8602648973464966,0.8399999737739563,0.4487895667552948,0.7545909881591797,0.9297475218772888,0.8286852836608887,0.3178359866142273,0.8820999264717102,nan,1650,9.3
sphere_skeleton,mlp2,"{""h"": 16}",1,387,3000,0.005,0.8773847222328186,0.8863006234169006,0.917327344417572,0.870198667049408,0.8399999737739563,0.4078212380409241,0.7779632210731506,0.9308452606201172,0.8326693773269653,0.2979259490966797,0.8807746767997742,nan,2750,9.4
sphere_skeleton,mlp2,"{""h"": 24}",0,771,3000,0.005,0.9188738465309143,0.9243853092193604,0.9433748722076416,0.9364238381385803,0.8695999979972839,0.49534451961517334,0.8881468772888184,0.9681668877601624,0.892430305480957,0.22356896102428436,0.9248099327087402,nan,2750,7.7
sphere_skeleton,mlp2,"{""h"": 24}",1,771,3000,0.005,0.9273939728736877,0.9286375045776367,0.9392223954200745,0.9483444094657898,0.8823999762535095,0.46368715167045593,0.9048413634300232,0.9769484400749207,0.8844621777534485,0.19232381880283356,0.9367138743400574,nan,2450,7.8
sphere_skeleton,mlp2,"{""h"": 32}",0,1283,3000,0.005,0.9318392276763916,0.9380662441253662,0.9546999335289001,0.9470198750495911,0.8919999599456787,0.5623835921287537,0.9232053160667419,0.9626783728599548,0.892430305480957,0.1813528835773468,0.938248336315155,nan,2950,9.3
sphere_skeleton,mlp2,"{""h"": 32}",1,1283,3000,0.005,0.9307278990745544,0.9402847290039062,0.9558324217796326,0.9562913775444031,0.887999951839447,0.5549348592758179,0.9398998022079468,0.967069149017334,0.9043824672698975,0.18225708603858948,0.9408058524131775,nan,2700,9.2
sphere_skeleton,mlp2,"{""h"": 48}",0,2691,3000,0.005,0.9401741027832031,0.9417637586593628,0.9494149088859558,0.9622516632080078,0.9007999897003174,0.5530726313591003,0.9332219958305359,0.9813392162322998,0.8884462118148804,0.16761179268360138,0.9471530318260193,nan,2650,10.8
sphere_skeleton,mlp2,"{""h"": 48}",1,2691,3000,0.005,0.9425819516181946,0.941394031047821,0.9482824206352234,0.9622516632080078,0.9016000032424927,0.5549348592758179,0.9332219958305359,0.9813392162322998,0.8844621777534485,0.17136156558990479,0.9465717673301697,nan,2800,11.1
sphere_skeleton,mlp2,"{""h"": 64}",0,4611,3000,0.005,0.9540655612945557,0.9519320130348206,0.9543223977088928,0.9854304790496826,0.9063999652862549,0.5791434049606323,0.9716193079948425,0.9945115447044373,0.892430305480957,0.14456209540367126,0.9584524631500244,nan,2500,12.5
sphere_skeleton,mlp2,"{""h"": 64}",1,4611,3000,0.005,0.951102077960968,0.951562225818634,0.9546999335289001,0.9827814698219299,0.9071999788284302,0.5772811770439148,0.9716193079948425,0.9901207685470581,0.9003984332084656,0.14620083570480347,0.9567552208900452,nan,2550,12.5
sphere_skeleton,mlp2,"{""h"": 128}",0,17411,3000,0.005,0.9570290446281433,0.9609909653663635,0.9648924469947815,0.9894039630889893,0.91839998960495,0.6443203091621399,0.9833054542541504,0.9934138655662537,0.9322709441184998,0.12262853235006332,0.9652414321899414,nan,2950,21.6
sphere_skeleton,mlp2,"{""h"": 128}",1,17411,3000,0.005,0.9561029672622681,0.9582177996635437,0.965269923210144,0.9887417554855347,0.9063999652862549,0.6238361597061157,0.9816360473632812,0.9934138655662537,0.9243028163909912,0.12486713379621506,0.9636139273643494,nan,2400,20.6
sphere_skeleton,spline1,"{""G"": 4, ""h"": 1}",0,34,3000,0.01,0.6195591688156128,0.6167498826980591,0.8644771575927734,0.1774834394454956,0.6223999857902527,0.4878957271575928,0.043405674397945404,0.2656421661376953,0.7450199127197266,0.8363287448883057,0.6203761696815491,nan,2700,12.3
sphere_skeleton,spline1,"{""G"": 4, ""h"": 1}",1,34,3000,0.01,0.747175395488739,0.7441301941871643,0.8225745558738708,0.6039735078811646,0.7471999526023865,0.35009312629699707,0.05843071639537811,0.9626783728599548,0.7928286790847778,0.5810707807540894,0.7473669648170471,nan,2100,12.2
sphere_skeleton,spline1,"{""G"": 4, ""h"": 2}",0,65,3000,0.01,0.7832931876182556,0.7766685485839844,0.8448471426963806,0.6834437251091003,0.7447999715805054,0.4227188229560852,0.45575958490371704,0.8331503868103027,0.5059760808944702,0.483227014541626,0.779009997844696,nan,2650,12.2
sphere_skeleton,spline1,"{""G"": 4, ""h"": 2}",1,65,3000,0.01,0.8003333806991577,0.8007025718688965,0.8429596424102783,0.7721854448318481,0.7455999851226807,0.3240223526954651,0.5158597230911255,0.9407244920730591,0.8725099563598633,0.4646531939506531,0.7973774075508118,nan,1600,12.3
sphere_skeleton,spline1,"{""G"": 4, ""h"": 3}",0,96,3000,0.01,0.8073717355728149,0.812349796295166,0.8539071679115295,0.7834437489509583,0.7591999769210815,0.38919925689697266,0.6076794266700745,0.8990120887756348,0.541832685470581,0.44300469756126404,0.8072353601455688,nan,2750,13.3
sphere_skeleton,spline1,"{""G"": 4, ""h"": 3}",1,96,3000,0.01,0.8101500272750854,0.8053244948387146,0.8195545673370361,0.8119205236434937,0.7671999931335449,0.32588455080986023,0.644407331943512,0.9220636487007141,0.629482090473175,0.4467770755290985,0.8074445724487305,nan,1950,13.5
sphere_skeleton,spline1,"{""G"": 4, ""h"": 4}",0,127,3000,0.01,0.8103352189064026,0.8132742047309875,0.8384296298027039,0.7880795001983643,0.790399968624115,0.3240223526954651,0.5325542688369751,0.9560922384262085,0.7968127727508545,0.42800360918045044,0.8156750202178955,nan,1050,13.2
sphere_skeleton,spline1,"{""G"": 4, ""h"": 4}",1,127,3000,0.01,0.8481200337409973,0.8400813937187195,0.8822197318077087,0.8178808093070984,0.7775999903678894,0.3780260682106018,0.6327211856842041,0.9396268129348755,0.7290836572647095,0.38429662585258484,0.841668426990509,nan,2700,13.2
sphere_skeleton,spline1,"{""G"": 4, ""h"": 6}",0,189,3000,0.01,0.8340433239936829,0.8424847722053528,0.8497546315193176,0.8920530080795288,0.7671999931335449,0.2886405885219574,0.7813021540641785,0.9648737907409668,0.6693227291107178,0.3806934058666229,0.838111162185669,nan,2100,14.7
sphere_skeleton,spline1,"{""G"": 4, ""h"": 6}",1,189,3000,0.01,0.8994258046150208,0.9034941792488098,0.9343148469924927,0.9079470634460449,0.8327999711036682,0.4320298135280609,0.8196994662284851,0.9659714698791504,0.8446215391159058,0.2596602439880371,0.8975378274917603,nan,2650,14.8
sphere_skeleton,spline1,"{""G"": 4, ""h"": 8}",0,251,3000,0.01,0.9322096705436707,0.9341837763786316,0.9486598968505859,0.9549669027328491,0.8783999681472778,0.5065177083015442,0.9465776085853577,0.9604830145835876,0.9123506546020508,0.2039513885974884,0.9367603659629822,nan,2550,15.2
sphere_skeleton,spline1,"{""G"": 4, ""h"": 8}",1,251,3000,0.01,0.9253565669059753,0.9280828833580017,0.9433748722076416,0.9543046355247498,0.8639999628067017,0.4897579252719879,0.9148580431938171,0.9802414774894714,0.8645418882369995,0.2135636955499649,0.9271814227104187,nan,2950,15.1
sphere_skeleton,spline1,"{""G"": 4, ""h"": 12}",0,375,3000,0.01,0.9531394839286804,0.9543353915214539,0.9637599587440491,0.9867549538612366,0.8951999545097351,0.5828678011894226,0.9766277074813843,0.9934138655662537,0.9243028163909912,0.13914814591407776,0.9550579786300659,nan,2450,17.9
sphere_skeleton,spline1,"{""G"": 4, ""h"": 12}",1,375,3000,0.01,0.9403592944145203,0.9415788650512695,0.9554548859596252,0.9615893959999084,0.887999951839447,0.5418994426727295,0.9432386755943298,0.9736553430557251,0.9163346886634827,0.17770858108997345,0.946060299873352,nan,2650,18.2
sphere_skeleton,spline1,"{""G"": 4, ""h"": 16}",0,499,3000,0.01,0.9551768898963928,0.960066556930542,0.9660249352455139,0.9913907647132874,0.9095999598503113,0.6294227242469788,0.9933221936225891,0.9901207685470581,0.9123506546020508,0.12865154445171356,0.9608936905860901,nan,2850,21.3
sphere_skeleton,spline1,"{""G"": 4, ""h"": 16}",1,499,3000,0.01,0.9603630304336548,0.9646885395050049,0.9724424481391907,0.9913907647132874,0.9159999489784241,0.6703910827636719,0.9833054542541504,0.9967069029808044,0.9282869100570679,0.10931618511676788,0.9656134247779846,nan,2900,21.5
sphere_skeleton,spline1,"{""G"": 4, ""h"": 24}",0,747,3000,0.01,0.9698092341423035,0.9687557816505432,0.9724424481391907,0.9960265159606934,0.9279999732971191,0.6964618563652039,0.9933221936225891,0.9978046417236328,0.9362549781799316,0.09490431845188141,0.9727511405944824,nan,2250,26.6
sphere_skeleton,spline1,"{""G"": 4, ""h"": 24}",1,747,3000,0.01,0.9649935364723206,0.9646885395050049,0.9705549478530884,0.99403977394104,0.9167999625205994,0.6610800623893738,0.9933221936225891,0.9945115447044373,0.9243028163909912,0.11241556704044342,0.9674036502838135,nan,2200,26.4
sphere_skeleton,spline1,"{""G"": 4, ""h"": 32}",0,995,3000,0.01,0.9727727174758911,0.9761508703231812,0.9796149730682373,0.9980132579803467,0.9423999786376953,0.7653631567955017,1.0,0.9967069029808044,0.960159420967102,0.07449395209550858,0.9782845973968506,nan,2800,32.0
sphere_skeleton,spline1,"{""G"": 4, ""h"": 32}",1,995,3000,0.01,0.9757362604141235,0.9759660363197327,0.981124997138977,0.9973509907722473,0.9391999840736389,0.7653631567955017,0.9983305335044861,0.9967069029808044,0.9681274890899658,0.07749978452920914,0.979214608669281,nan,2850,32.2
sphere_skeleton,spline1,"{""G"": 8, ""h"": 1}",0,58,3000,0.01,0.6306723356246948,0.6300610303878784,0.8233295679092407,0.2642384171485901,0.6624000072479248,0.4394785761833191,0.2220367193222046,0.2919868230819702,0.32270917296409607,0.7872339487075806,0.6348143219947815,nan,1400,12.5
sphere_skeleton,spline1,"{""G"": 8, ""h"": 1}",1,58,3000,0.01,0.784960150718689,0.772416353225708,0.812004566192627,0.699999988079071,0.7759999632835388,0.3556797206401825,0.2938230335712433,0.967069149017334,0.2868525981903076,0.539332389831543,0.783939003944397,nan,1550,12.5
sphere_skeleton,spline1,"{""G"": 8, ""h"": 2}",0,113,3000,0.01,0.8959066271781921,0.8898133039474487,0.9135522842407227,0.9026490449905396,0.8240000009536743,0.3296089470386505,0.8330550789833069,0.9484083652496338,0.7649402618408203,0.28877201676368713,0.8939806222915649,nan,2400,14.5
sphere_skeleton,spline1,"{""G"": 8, ""h"": 2}",1,113,3000,0.01,0.8401556015014648,0.8443335294723511,0.8784447312355042,0.8403973579406738,0.7767999768257141,0.29981377720832825,0.7779632210731506,0.8814489841461182,0.8087649345397949,0.3898589015007019,0.8446676135063171,nan,1350,14.2
sphere_skeleton,spline1,"{""G"": 8, ""h"": 3}",0,168,3000,0.01,0.8988701701164246,0.8992420434951782,0.9267648458480835,0.8973510265350342,0.8431999683380127,0.3910614550113678,0.8080133199691772,0.9560922384262085,0.8406374454498291,0.26607006788253784,0.9041407704353333,nan,2950,15.4
sphere_skeleton,spline1,"{""G"": 8, ""h"": 3}",1,168,3000,0.01,0.8890535235404968,0.889443576335907,0.9078897833824158,0.9112582802772522,0.8240000009536743,0.3426443338394165,0.8831385374069214,0.9297475218772888,0.8007968664169312,0.30121496319770813,0.8922368288040161,nan,1950,15.5
sphere_skeleton,spline1,"{""G"": 8, ""h"": 4}",0,223,3000,0.01,0.9107242226600647,0.9119985699653625,0.9365798830986023,0.9231788516044617,0.8463999629020691,0.4394785761833191,0.8781301975250244,0.9527991414070129,0.8486056327819824,0.24210038781166077,0.9119759798049927,nan,2000,15.7
sphere_skeleton,spline1,"{""G"": 8, ""h"": 4}",1,223,3000,0.01,0.9285053014755249,0.9232760667800903,0.9343148469924927,0.9490066170692444,0.8687999844551086,0.42085662484169006,0.9198664426803589,0.9681668877601624,0.8486056327819824,0.20734933018684387,0.9285066723823547,nan,1850,15.8
sphere_skeleton,spline1,"{""G"": 8, ""h"": 6}",0,333,3000,0.01,0.9262826442718506,0.9225365519523621,0.9414873719215393,0.9317880868911743,0.8711999654769897,0.48230913281440735,0.8814690709114075,0.9648737907409668,0.8804781436920166,0.20087194442749023,0.9257398843765259,nan,2900,18.7
sphere_skeleton,spline1,"{""G"": 8, ""h"": 6}",1,333,3000,0.01,0.945175051689148,0.9410242438316345,0.9482824206352234,0.9748344421386719,0.8847999572753906,0.4972067177295685,0.9465776085853577,0.9934138655662537,0.8725099563598633,0.17156510055065155,0.9457347989082336,nan,3000,18.8
sphere_skeleton,spline1,"{""G"": 8, ""h"": 8}",0,443,3000,0.01,0.9440637230873108,0.9436125159263611,0.9580973982810974,0.9609271883964539,0.8919999599456787,0.5623835921287537,0.9449081420898438,0.9714599251747131,0.9163346886634827,0.1659611314535141,0.9496407508850098,nan,2950,20.4
sphere_skeleton,spline1,"{""G"": 8, ""h"": 8}",1,443,3000,0.01,0.9459158778190613,0.9434276223182678,0.9524348974227905,0.9602649211883545,0.9039999842643738,0.566107988357544,0.9415692687034607,0.9725576639175415,0.9043824672698975,0.16296395659446716,0.9483852982521057,nan,2750,20.4
sphere_skeleton,spline1,"{""G"": 8, ""h"": 12}",0,663,3000,0.01,0.9655491709709167,0.9657977819442749,0.9731974601745605,0.9927152395248413,0.9175999760627747,0.6759776473045349,0.9899832606315613,0.9945115447044373,0.9561753273010254,0.10408204793930054,0.9714956283569336,nan,2750,25.3
sphere_skeleton,spline1,"{""G"": 8, ""h"": 12}",1,663,3000,0.01,0.9698092341423035,0.9691255688667297,0.9747074842453003,0.9927152395248413,0.9287999868392944,0.7132216095924377,0.9883138537406921,0.9956092238426208,0.944223165512085,0.09379289299249649,0.9748901128768921,nan,2400,24.9
sphere_skeleton,spline1,"{""G"": 8, ""h"": 16}",0,883,3000,0.01,0.9746249318122864,0.9763357639312744,0.9830124974250793,0.9966887831687927,0.9375999569892883,0.7709497213363647,0.9916527271270752,1.0,0.9721115827560425,0.07578089833259583,0.979214608669281,nan,2250,29.4
sphere_skeleton,spline1,"{""G"": 8, ""h"": 16}",1,883,3000,0.01,0.9761067032814026,0.9767055511474609,0.9803699851036072,0.9966887831687927,0.9447999596595764,0.774674117565155,0.9966610670089722,0.9967069029808044,0.9561753273010254,0.07458959519863129,0.9804933667182922,nan,2900,28.1
sphere_skeleton,spline1,"{""G"": 8, ""h"": 24}",0,1323,3000,0.01,0.9735136032104492,0.9755962491035461,0.9818800091743469,0.9927152395248413,0.94159996509552,0.774674117565155,0.9949916005134583,0.9912184476852417,0.960159420967102,0.08080454170703888,0.9827253222465515,nan,2550,36.5
sphere_skeleton,spline1,"{""G"": 8, ""h"": 24}",1,1323,3000,0.01,0.9794406294822693,0.9798484444618225,0.9841449856758118,0.9966887831687927,0.9503999948501587,0.80633145570755,0.9949916005134583,0.9978046417236328,0.960159420967102,0.06306231766939163,0.9854455590248108,nan,2300,37.3
sphere_skeleton,spline1,"{""G"": 8, ""h"": 32}",0,1763,3000,0.01,0.9801815152168274,0.9802181720733643,0.9841449856758118,0.9947019815444946,0.9544000029563904,0.8156424760818481,0.9916527271270752,0.9967069029808044,0.9561753273010254,0.058462414890527725,0.9875147938728333,nan,2600,49.2
sphere_skeleton,spline1,"{""G"": 8, ""h"": 32}",1,1763,3000,0.01,0.9799962639808655,0.9815123081207275,0.9864099621772766,0.9966887831687927,0.9527999758720398,0.8230912685394287,0.9933221936225891,0.9989023208618164,0.9760956764221191,0.05990828946232796,0.9874683022499084,nan,2000,49.7
sphere_skeleton,spline1,"{""G"": 16, ""h"": 1}",0,106,3000,0.01,0.8034821152687073,0.7988538146018982,0.8561721444129944,0.7152317762374878,0.7784000039100647,0.4096834361553192,0.5542570948600769,0.8210757374763489,0.394422322511673,0.46808117628097534,0.8037013411521912,nan,3000,14.8
sphere_skeleton,spline1,"{""G"": 16, ""h"": 1}",1,106,3000,0.01,0.8023707866668701,0.7986689209938049,0.8527746796607971,0.7741721868515015,0.7135999798774719,0.3389199376106262,0.6377295255661011,0.8638858795166016,0.4501992166042328,0.47386816143989563,0.8004696369171143,nan,2450,15.1
sphere_skeleton,spline1,"{""G"": 16, ""h"": 2}",0,209,3000,0.01,0.8345990180969238,0.8413755297660828,0.8735371828079224,0.8377483487129211,0.7775999903678894,0.4227188229560852,0.7111852765083313,0.9209659695625305,0.525896430015564,0.396598219871521,0.8344609141349792,nan,1450,17.5
sphere_skeleton,spline1,"{""G"": 16, ""h"": 2}",1,209,3000,0.01,0.9329505562782288,0.9256794452667236,0.9392223954200745,0.9470198750495911,0.8711999654769897,0.4525139629840851,0.926544189453125,0.9604830145835876,0.8884462118148804,0.20574523508548737,0.9277858734130859,nan,2100,17.5
sphere_skeleton,spline1,"{""G"": 16, ""h"": 3}",0,312,3000,0.01,0.9025745391845703,0.891662061214447,0.9214798212051392,0.8728476762771606,0.8511999845504761,0.4487895667552948,0.7929883003234863,0.9253567457199097,0.7490040063858032,0.2895796597003937,0.9021645784378052,nan,2250,18.7
sphere_skeleton,spline1,"{""G"": 16, ""h"": 3}",1,312,3000,0.01,0.9427671432495117,0.9373267292976379,0.9505473971366882,0.9576159119606018,0.8847999572753906,0.517690896987915,0.9449081420898438,0.9659714698791504,0.9243028163909912,0.17003768682479858,0.9404105544090271,nan,2800,19.0
sphere_skeleton,spline1,"{""G"": 16, ""h"": 4}",0,415,3000,0.01,0.9403592944145203,0.9408393502235413,0.9516798853874207,0.9662252068519592,0.8871999979019165,0.5121042728424072,0.9499164819717407,0.9769484400749207,0.9203187227249146,0.15985052287578583,0.9478505253791809,nan,2750,21.9
sphere_skeleton,spline1,"{""G"": 16, ""h"": 4}",1,415,3000,0.01,0.8962770700454712,0.8986874222755432,0.9278973340988159,0.8854304552078247,0.8527999520301819,0.45996275544166565,0.8497495651245117,0.9088913202285767,0.8326693773269653,0.26122382283210754,0.9069540500640869,nan,2950,21.9
sphere_skeleton,spline1,"{""G"": 16, ""h"": 6}",0,621,3000,0.01,0.9616595506668091,0.9598817229270935,0.9675349593162537,0.9821192026138306,0.9167999625205994,0.6536312699317932,0.9666109681129456,0.9923161268234253,0.9243028163909912,0.12133383005857468,0.9642649292945862,nan,2650,26.5
sphere_skeleton,spline1,"{""G"": 16, ""h"": 6}",1,621,3000,0.01,0.9462863206863403,0.941948652267456,0.9584749341011047,0.9556291699409485,0.8903999924659729,0.566107988357544,0.918196976184845,0.9802414774894714,0.9003984332084656,0.16269458830356598,0.9467577934265137,nan,1850,26.8
sphere_skeleton,spline1,"{""G"": 16, ""h"": 8}",0,827,3000,0.01,0.9477680921554565,0.949898362159729,0.9645149111747742,0.9622516632080078,0.9039999842643738,0.6312849521636963,0.9465776085853577,0.9725576639175415,0.9163346886634827,0.15192179381847382,0.9544069766998291,nan,2500,30.5
sphere_skeleton,spline1,"{""G"": 16, ""h"": 8}",1,827,3000,0.01,0.9561029672622681,0.951007604598999,0.9701774716377258,0.9516556262969971,0.9095999598503113,0.6554934978485107,0.9232053160667419,0.9703622460365295,0.9123506546020508,0.1378466635942459,0.9607077240943909,nan,2150,30.4
sphere_skeleton,spline1,"{""G"": 16, ""h"": 12}",0,1239,3000,0.01,0.9599925875663757,0.9593271017074585,0.9735749363899231,0.9675496816635132,0.9192000031471252,0.6871508359909058,0.9499164819717407,0.9791437983512878,0.9482071995735168,0.12135201692581177,0.9676826596260071,nan,2550,39.5
sphere_skeleton,spline1,"{""G"": 16, ""h"": 12}",1,1239,3000,0.01,0.9657343626022339,0.9659826755523682,0.9765949845314026,0.9754967093467712,0.9319999814033508,0.7318435907363892,0.9599332213401794,0.985729992389679,0.944223165512085,0.1041945144534111,0.9754016399383545,nan,2700,39.4
sphere_skeleton,spline1,"{""G"": 16, ""h"": 16}",0,1651,3000,0.01,0.9627708792686462,0.9617304801940918,0.9773499965667725,0.9602649211883545,0.9303999543190002,0.7337057590484619,0.9248747825622559,0.983534574508667,0.9521912336349487,0.11665011197328568,0.9760061502456665,nan,2050,48.5
sphere_skeleton,spline1,"{""G"": 16, ""h"": 16}",1,1651,3000,0.01,0.9705501198768616,0.9665372967720032,0.9788599610328674,0.9721854329109192,0.9335999488830566,0.7448789477348328,0.9616026282310486,0.9791437983512878,0.9561753273010254,0.10442591458559036,0.9785636067390442,nan,2100,48.9
sphere_skeleton,spline1,"{""G"": 16, ""h"": 24}",0,2475,3000,0.01,0.9620299935340881,0.9606212377548218,0.9739524722099304,0.9576159119606018,0.9359999895095825,0.7299813628196716,0.9248747825622559,0.9791437983512878,0.9641434550285339,0.12768813967704773,0.9833530783653259,nan,2400,67.0
sphere_skeleton,spline1,"{""G"": 16, ""h"": 24}",1,2475,3000,0.01,0.9583256244659424,0.9576631784439087,0.9690449237823486,0.9589403867721558,0.9319999814033508,0.6983240246772766,0.9482470750808716,0.9659714698791504,0.9203187227249146,0.129394069314003,0.9770058393478394,nan,1000,67.2
sphere_skeleton,spline1,"{""G"": 16, ""h"": 32}",0,3299,3000,0.01,0.9531394839286804,0.9535958766937256,0.9724424481391907,0.943708598613739,0.925599992275238,0.7076350450515747,0.9382303357124329,0.9473106861114502,0.9521912336349487,0.1565188467502594,0.9863290786743164,nan,1600,83.7
sphere_skeleton,spline1,"{""G"": 16, ""h"": 32}",1,3299,3000,0.01,0.9588812589645386,0.9632095098495483,0.9796149730682373,0.9629139304161072,0.9287999868392944,0.7392923831939697,0.9398998022079468,0.9780461192131042,0.9641434550285339,0.1334129273891449,0.9880263209342957,nan,1500,83.9
sphere_skeleton,spline3,"{""G"": 4, ""h"": 1}",0,46,3000,0.01,0.7484719157218933,0.7474579811096191,0.8131370544433594,0.6271523237228394,0.753600001335144,0.33147114515304565,0.30383971333503723,0.8397365808486938,0.8685259222984314,0.5782024264335632,0.7514356970787048,nan,2750,22.6
sphere_skeleton,spline3,"{""G"": 4, ""h"": 1}",1,46,3000,0.01,0.7488423585891724,0.7467184662818909,0.8210645914077759,0.5847682356834412,0.7847999930381775,0.37616387009620667,0.19198663532733917,0.8430296182632446,0.9282869100570679,0.5835992097854614,0.749157190322876,nan,2550,22.8
sphere_skeleton,spline3,"{""G"": 4, ""h"": 2}",0,89,3000,0.01,0.8175588250160217,0.8241819739341736,0.8471121191978455,0.8443709015846252,0.7511999607086182,0.3109869658946991,0.7545909881591797,0.9034028649330139,0.8525896668434143,0.4424179196357727,0.8178372979164124,nan,2850,26.0
sphere_skeleton,spline3,"{""G"": 4, ""h"": 2}",1,89,3000,0.01,0.8103352189064026,0.812904417514801,0.8429596424102783,0.7960265278816223,0.769599974155426,0.3631284832954407,0.6627712845802307,0.8836443424224854,0.8605577945709229,0.46918195486068726,0.8082816004753113,nan,1500,26.0
sphere_skeleton,spline3,"{""G"": 4, ""h"": 3}",0,132,3000,0.01,0.8868308663368225,0.889998197555542,0.9161947965621948,0.9079470634460449,0.8127999901771545,0.4171322286128998,0.8414022922515869,0.9517014622688293,0.8406374454498291,0.30633360147476196,0.887610137462616,nan,2450,28.6
sphere_skeleton,spline3,"{""G"": 4, ""h"": 3}",1,132,3000,0.01,0.8220040798187256,0.8286190032958984,0.8512646555900574,0.8337748646736145,0.774399995803833,0.3687150776386261,0.7429048418998718,0.893523633480072,0.8167331218719482,0.42391982674598694,0.8244634866714478,nan,2600,28.1
sphere_skeleton,spline3,"{""G"": 4, ""h"": 4}",0,175,3000,0.01,0.8914613723754883,0.8868552446365356,0.898074746131897,0.9158940315246582,0.8279999494552612,0.3370577394962311,0.821368932723999,0.9780461192131042,0.8406374454498291,0.3036004900932312,0.8886098861694336,nan,2750,28.8
sphere_skeleton,spline3,"{""G"": 4, ""h"": 4}",1,175,3000,0.01,0.8744211792945862,0.8792753219604492,0.9052472710609436,0.8675496578216553,0.8384000062942505,0.39292365312576294,0.7629382014274597,0.9363337159156799,0.8764940500259399,0.3231150805950165,0.8743577003479004,nan,2950,28.7
sphere_skeleton,spline3,"{""G"": 4, ""h"": 6}",0,261,3000,0.01,0.8759029507637024,0.8818635940551758,0.8988297581672668,0.8754966855049133,0.8535999655723572,0.39292365312576294,0.7629382014274597,0.9495060443878174,0.7928286790847778,0.3171927034854889,0.8768221735954285,nan,2950,34.9
sphere_skeleton,spline3,"{""G"": 4, ""h"": 6}",1,261,3000,0.01,0.8864604234695435,0.891107439994812,0.9131748080253601,0.8953642249107361,0.839199960231781,0.3873370587825775,0.8447412252426147,0.9286498427391052,0.8685259222984314,0.278087854385376,0.8920276165008545,nan,2950,35.7
sphere_skeleton,spline3,"{""G"": 4, ""h"": 8}",0,347,3000,0.01,0.8946101069450378,0.89961177110672,0.9278973340988159,0.8907284736633301,0.8503999710083008,0.4394785761833191,0.8113522529602051,0.9429198503494263,0.8844621777534485,0.27036502957344055,0.9017925262451172,nan,3000,41.7
sphere_skeleton,spline3,"{""G"": 4, ""h"": 8}",1,347,3000,0.01,0.9333209991455078,0.940099835395813,0.9482824206352234,0.9774834513664246,0.8775999546051025,0.5251396894454956,0.9532554149627686,0.9934138655662537,0.9083665609359741,0.1913236528635025,0.9342028498649597,nan,3000,42.0
sphere_skeleton,spline3,"{""G"": 4, ""h"": 12}",0,519,3000,0.01,0.9309131503105164,0.9330745339393616,0.9456399083137512,0.9655629396438599,0.8671999573707581,0.4674115478992462,0.9432386755943298,0.9802414774894714,0.9243028163909912,0.19723369181156158,0.9337843656539917,nan,2450,54.9
sphere_skeleton,spline3,"{""G"": 4, ""h"": 12}",1,519,3000,0.01,0.9444341659545898,0.9421334862709045,0.9539449214935303,0.9715231657028198,0.8815999627113342,0.5139665007591248,0.9582637548446655,0.9802414774894714,0.9282869100570679,0.16286084055900574,0.9499894976615906,nan,2550,55.3
sphere_skeleton,spline3,"{""G"": 4, ""h"": 16}",0,691,3000,0.01,0.9588812589645386,0.9630246162414551,0.9686674475669861,0.9960265159606934,0.9111999869346619,0.6405959129333496,0.9933221936225891,0.9978046417236328,0.9482071995735168,0.1184476763010025,0.9627769589424133,nan,2850,69.5
sphere_skeleton,spline3,"{""G"": 4, ""h"": 16}",1,691,3000,0.01,0.9620299935340881,0.9630246162414551,0.9705549478530884,0.998675525188446,0.9039999842643738,0.6312849521636963,0.9966610670089722,1.0,0.9322709441184998,0.1116160899400711,0.9645671844482422,nan,2750,70.2
sphere_skeleton,spline3,"{""G"": 4, ""h"": 24}",0,1035,3000,0.01,0.9694387912750244,0.970419704914093,0.974329948425293,0.9993377923965454,0.9271999597549438,0.7039106488227844,0.9983305335044861,1.0,0.944223165512085,0.09080667048692703,0.9724023938179016,nan,2850,98.0
sphere_skeleton,spline3,"{""G"": 4, ""h"": 24}",1,1035,3000,0.01,0.9714761972427368,0.9731928706169128,0.9769724607467651,0.9993377923965454,0.9335999488830566,0.7318435907363892,0.9983305335044861,1.0,0.944223165512085,0.08085222542285919,0.9745413661003113,nan,2650,99.0
sphere_skeleton,spline3,"{""G"": 4, ""h"": 32}",0,1379,3000,0.01,0.9686979055404663,0.9700499176979065,0.9758399724960327,0.9980132579803467,0.9239999651908875,0.7039106488227844,0.9949916005134583,1.0,0.9561753273010254,0.08533625304698944,0.9738438725471497,nan,2550,126.5
sphere_skeleton,spline3,"{""G"": 4, ""h"": 32}",1,1379,3000,0.01,0.9646230936050415,0.9691255688667297,0.9747074842453003,0.9973509907722473,0.9231999516487122,0.6964618563652039,0.9949916005134583,0.9989023208618164,0.9482071995735168,0.09757755696773529,0.9700309038162231,nan,2600,126.8
sphere_skeleton,spline3,"{""G"": 8, ""h"": 1}",0,70,3000,0.01,0.7884793281555176,0.7825846076011658,0.8070970177650452,0.7794702053070068,0.7343999743461609,0.35009312629699707,0.4808013141155243,0.9758507013320923,0.09163346886634827,0.5179592370986938,0.7873567342758179,nan,1250,26.2
sphere_skeleton,spline3,"{""G"": 8, ""h"": 1}",1,70,3000,0.01,0.7907019853591919,0.783878743648529,0.8063420653343201,0.7258278131484985,0.8064000010490417,0.38361266255378723,0.3756260275840759,0.9560922384262085,0.131474107503891,0.5282524228096008,0.7867754697799683,nan,850,26.2
sphere_skeleton,spline3,"{""G"": 8, ""h"": 2}",0,137,3000,0.01,0.8499721884727478,0.8509891033172607,0.8875047564506531,0.8258278369903564,0.8039999604225159,0.35009312629699707,0.6844741106033325,0.9187706112861633,0.7211155891418457,0.37295112013816833,0.8464811444282532,nan,1900,29.3
sphere_skeleton,spline3,"{""G"": 8, ""h"": 2}",1,137,3000,0.01,0.8490461111068726,0.851728618144989,0.8825972080230713,0.8198675513267517,0.8247999548912048,0.41527003049850464,0.6510851383209229,0.9308452606201172,0.7330677509307861,0.38710981607437134,0.846341609954834,nan,1050,29.5
sphere_skeleton,spline3,"{""G"": 8, ""h"": 3}",0,204,3000,0.01,0.8818299770355225,0.8866704106330872,0.8969422578811646,0.8867549896240234,0.864799976348877,0.41154563426971436,0.8080133199691772,0.9385290741920471,0.8007968664169312,0.3112421929836273,0.8843318819999695,nan,3000,34.0
sphere_skeleton,spline3,"{""G"": 8, ""h"": 3}",1,204,3000,0.01,0.9218373894691467,0.9230911731719971,0.9316723346710205,0.9503311514854431,0.871999979019165,0.4264432191848755,0.9198664426803589,0.9703622460365295,0.8964143991470337,0.2134922444820404,0.9253446459770203,nan,2650,30.9
sphere_skeleton,spline3,"{""G"": 8, ""h"": 4}",0,271,3000,0.01,0.9127616286277771,0.9169902205467224,0.9399773478507996,0.9112582802772522,0.8751999735832214,0.5325884819030762,0.8280467391014099,0.9659714698791504,0.8446215391159058,0.23032554984092712,0.915300726890564,nan,1750,25.9
sphere_skeleton,spline3,"{""G"": 8, ""h"": 4}",1,271,3000,0.01,0.9346175193786621,0.9312257766723633,0.9399773478507996,0.9543046355247498,0.8847999572753906,0.4767225384712219,0.9098497033119202,0.983534574508667,0.8884462118148804,0.18539409339427948,0.9365278482437134,nan,2950,24.5
sphere_skeleton,spline3,"{""G"": 8, ""h"": 6}",0,405,3000,0.01,0.9683274626731873,0.9680163264274597,0.974329948425293,0.995364248752594,0.9215999841690063,0.6927374601364136,0.9949916005134583,0.9956092238426208,0.9482071995735168,0.09732078015804291,0.9713561534881592,nan,2850,30.7
sphere_skeleton,spline3,"{""G"": 8, ""h"": 6}",1,405,3000,0.01,0.9448046088218689,0.9415788650512695,0.9479048848152161,0.9668874144554138,0.897599995136261,0.5288640856742859,0.9482470750808716,0.9791437983512878,0.8964143991470337,0.17210116982460022,0.9448978304862976,nan,2450,30.5
sphere_skeleton,spline3,"{""G"": 8, ""h"": 8}",0,539,3000,0.01,0.961844801902771,0.9637641310691833,0.9675349593162537,0.9900662302970886,0.9239999651908875,0.6703910827636719,0.9816360473632812,0.9956092238426208,0.9243028163909912,0.11058486998081207,0.9654739499092102,nan,2800,36.5
sphere_skeleton,spline3,"{""G"": 8, ""h"": 8}",1,539,3000,0.01,0.9570290446281433,0.9567387700080872,0.9626274108886719,0.986092746257782,0.9088000059127808,0.6145251393318176,0.9833054542541504,0.9879253506660461,0.9402390718460083,0.1239544227719307,0.9616377353668213,nan,2600,36.6
sphere_skeleton,spline3,"{""G"": 8, ""h"": 12}",0,807,3000,0.01,0.9748101234436035,0.9743021130561829,0.9762174487113953,0.9993377923965454,0.9399999976158142,0.74301677942276,0.9983305335044861,1.0,0.9561753273010254,0.07818613946437836,0.9783543348312378,nan,2950,50.2
sphere_skeleton,spline3,"{""G"": 8, ""h"": 12}",1,807,3000,0.01,0.9774032235145569,0.9787391424179077,0.9807474613189697,0.9993377923965454,0.9495999813079834,0.7877095341682434,0.9983305335044861,1.0,0.9721115827560425,0.07144995033740997,0.9802608489990234,nan,2850,50.4
sphere_skeleton,spline3,"{""G"": 8, ""h"": 16}",0,1075,3000,0.01,0.9799962639808655,0.981327474117279,0.9856550097465515,0.9993377923965454,0.9503999948501587,0.8137802481651306,0.9983305335044861,1.0,0.9760956764221191,0.05815182253718376,0.9840970635414124,nan,2900,63.8
sphere_skeleton,spline3,"{""G"": 8, ""h"": 16}",1,1075,3000,0.01,0.977588415145874,0.9804030656814575,0.9837675094604492,0.9993377923965454,0.9503999948501587,0.8044692873954773,1.0,0.9989023208618164,0.960159420967102,0.06162141636013985,0.9827253222465515,nan,2550,64.2
sphere_skeleton,spline3,"{""G"": 8, ""h"": 24}",0,1611,3000,0.01,0.9849972128868103,0.9844703674316406,0.9898074865341187,0.9993377923965454,0.9551999568939209,0.8454376459121704,0.9983305335044861,1.0,0.980079710483551,0.04562080278992653,0.9894677996635437,nan,2550,90.9
sphere_skeleton,spline3,"{""G"": 8, ""h"": 24}",1,1611,3000,0.01,0.9875903129577637,0.989277184009552,0.9920725226402283,0.9993377923965454,0.9711999893188477,0.8938547372817993,0.9983305335044861,1.0,0.980079710483551,0.037182409316301346,0.9921182990074158,nan,2500,91.2
sphere_skeleton,spline3,"{""G"": 8, ""h"": 32}",0,2147,3000,0.01,0.9864789843559265,0.9868737459182739,0.9890524744987488,0.9993377923965454,0.967199981212616,0.8696461915969849,0.9983305335044861,1.0,0.9840637445449829,0.03939639404416084,0.9925367832183838,nan,3000,116.0
sphere_skeleton,spline3,"{""G"": 8, ""h"": 32}",1,2147,3000,0.01,0.9862937331199646,0.9879830479621887,0.9928275346755981,1.0,0.9631999731063843,0.8789571523666382,1.0,1.0,0.9880478382110596,0.037944745272397995,0.9928622841835022,nan,2650,116.8
sphere_skeleton,spline3,"{""G"": 16, ""h"": 1}",0,118,3000,0.01,0.7962585687637329,0.7894250750541687,0.8282371163368225,0.678145706653595,0.8416000008583069,0.40595903992652893,0.27545908093452454,0.9429198503494263,0.262948215007782,0.515591025352478,0.7945641875267029,nan,300,20.5
sphere_skeleton,spline3,"{""G"": 16, ""h"": 1}",1,118,3000,0.01,0.7988516092300415,0.7888704538345337,0.8263496160507202,0.686092734336853,0.8335999846458435,0.40595903992652893,0.28380632400512695,0.950603723526001,0.2470119595527649,0.5177574753761292,0.7957034111022949,nan,350,20.7
sphere_skeleton,spline3,"{""G"": 16, ""h"": 2}",0,233,3000,0.01,0.8636784553527832,0.8589388132095337,0.8788222074508667,0.8695364594459534,0.8039999604225159,0.4040968418121338,0.6978297233581543,0.9824368953704834,0.7250996232032776,0.33341166377067566,0.8636162877082825,nan,2400,26.2
sphere_skeleton,spline3,"{""G"": 16, ""h"": 2}",1,233,3000,0.01,0.950731635093689,0.9519320130348206,0.9622499346733093,0.981456995010376,0.8944000005722046,0.5716946125030518,0.9782971143722534,0.983534574508667,0.8964143991470337,0.13221114873886108,0.9554765224456787,nan,2850,26.2
sphere_skeleton,spline3,"{""G"": 16, ""h"": 3}",0,348,3000,0.01,0.950731635093689,0.9545202851295471,0.9656474590301514,0.9807947278022766,0.8991999626159668,0.5996275544166565,0.9849749207496643,0.9780461192131042,0.9322709441184998,0.1271427869796753,0.9578014612197876,nan,2000,31.2
sphere_skeleton,spline3,"{""G"": 16, ""h"": 3}",1,348,3000,0.01,0.9251713156700134,0.9306711554527283,0.9471498727798462,0.9430463910102844,0.8807999491691589,0.5325884819030762,0.9332219958305359,0.9495060443878174,0.8725099563598633,0.19425316154956818,0.9345980882644653,nan,2350,31.0
sphere_skeleton,spline3,"{""G"": 16, ""h"": 4}",0,463,3000,0.01,0.9585108160972595,0.9646885395050049,0.9750849604606628,0.9834437370300293,0.9199999570846558,0.690875232219696,0.9799665808677673,0.985729992389679,0.9362549781799316,0.1047876626253128,0.9649856686592102,nan,2450,36.1
sphere_skeleton,spline3,"{""G"": 16, ""h"": 4}",1,463,3000,0.01,0.9575847387313843,0.9619153738021851,0.9675349593162537,0.9920529723167419,0.913599967956543,0.6424580812454224,0.9916527271270752,0.9923161268234253,0.9203187227249146,0.11427506804466248,0.9641254544258118,nan,2700,36.0
sphere_skeleton,spline3,"{""G"": 16, ""h"": 6}",0,693,3000,0.01,0.9738840460777283,0.9752265214920044,0.9799924492835999,0.9933775067329407,0.9431999921798706,0.7709497213363647,0.9916527271270752,0.9945115447044373,0.9561753273010254,0.07346805930137634,0.9775406122207642,nan,2900,46.6
sphere_skeleton,spline3,"{""G"": 16, ""h"": 6}",1,693,3000,0.01,0.9616595506668091,0.9654279947280884,0.9739524722099304,0.986092746257782,0.9223999977111816,0.690875232219696,0.9782971143722534,0.9912184476852417,0.944223165512085,0.10507313162088394,0.9687521457672119,nan,2550,46.3
sphere_skeleton,spline3,"{""G"": 16, ""h"": 8}",0,923,3000,0.01,0.9783293008804321,0.9787391424179077,0.9852774739265442,0.9913907647132874,0.9495999813079834,0.8100558519363403,0.9899832606315613,0.9923161268234253,0.9521912336349487,0.06659205257892609,0.9810048341751099,nan,2600,57.5
sphere_skeleton,spline3,"{""G"": 16, ""h"": 8}",1,923,3000,0.01,0.9724022746086121,0.9754113554954529,0.9818800091743469,0.9913907647132874,0.9423999786376953,0.7783985137939453,0.9883138537406921,0.9934138655662537,0.9482071995735168,0.07577379047870636,0.9797493815422058,nan,2900,58.0
sphere_skeleton,spline3,"{""G"": 16, ""h"": 12}",0,1383,3000,0.01,0.9840711355209351,0.9841005802154541,0.9890524744987488,0.9966887831687927,0.9583999514579773,0.8491620421409607,0.9966610670089722,0.9967069029808044,0.9721115827560425,0.05020616203546524,0.9900490641593933,nan,2650,79.9
sphere_skeleton,spline3,"{""G"": 16, ""h"": 12}",1,1383,3000,0.01,0.9748101234436035,0.978369414806366,0.9864099621772766,0.9874172210693359,0.9503999948501587,0.8193668723106384,0.9883138537406921,0.9868276715278625,0.9561753273010254,0.0757574662566185,0.9828648567199707,nan,3000,80.7
sphere_skeleton,spline3,"{""G"": 16, ""h"": 16}",0,1843,3000,0.01,0.9851824045181274,0.9852098822593689,0.9875425100326538,0.9973509907722473,0.9655999541282654,0.858473002910614,0.9933221936225891,1.0,0.980079710483551,0.04918360337615013,0.9926530122756958,nan,2250,102.5
sphere_skeleton,spline3,"{""G"": 16, ""h"": 16}",1,1843,3000,0.01,0.9814780354499817,0.9826216101646423,0.9879199862480164,0.995364248752594,0.9559999704360962,0.8379888534545898,0.9933221936225891,0.9967069029808044,0.9681274890899658,0.05876423045992851,0.9893980622291565,nan,1950,102.8
sphere_skeleton,spline3,"{""G"": 16, ""h"": 24}",0,2763,3000,0.01,0.983144998550415,0.9842854738235474,0.9882975220680237,0.9973509907722473,0.9599999785423279,0.852886438369751,0.9983305335044861,0.9967069029808044,0.980079710483551,0.05920344218611717,0.9966287612915039,nan,2150,144.9
sphere_skeleton,spline3,"{""G"": 16, ""h"": 24}",1,2763,3000,0.01,0.9861085414886475,0.9837308526039124,0.9894300103187561,0.995364248752594,0.9575999975204468,0.8510242104530334,0.9966610670089722,0.9945115447044373,0.9721115827560425,0.05385508015751839,0.9964659810066223,nan,2000,145.0
sphere_skeleton,spline3,"{""G"": 16, ""h"": 32}",0,3683,3000,0.01,0.9818484783172607,0.9807727932929993,0.9864099621772766,0.9927152395248413,0.9544000029563904,0.8286778330802917,0.9849749207496643,0.9978046417236328,0.9681274890899658,0.0740295946598053,0.9980934858322144,nan,1800,187.3
sphere_skeleton,spline3,"{""G"": 16, ""h"": 32}",1,3683,3000,0.01,0.9736988544464111,0.9800333380699158,0.9852774739265442,0.9927152395248413,0.9535999894142151,0.8193668723106384,0.9899832606315613,0.9945115447044373,0.9641434550285339,0.0765756294131279,0.993025004863739,nan,1000,187.6
