shape,family,size,seed,n_params,steps,lr,val_acc,test_acc,test_acc_exterior,test_acc_surface,test_acc_interior,test_acc_near,test_acc_surface_Kneg,test_acc_surface_Kpos,test_acc_cavity,test_loss,train_acc,sparsity,best_step,stop_step,seconds
sphere_skeleton,sae,"{""m"": 4}",0,31,15000,0.005,0.4882385730743408,0.489739328622818,1.0,0.0,0.0,0.45996275544166565,0.0,0.0,0.9920319318771362,1.0128957033157349,0.4954778850078583,0.2629413902759552,100,5000,9.9
sphere_skeleton,sae,"{""m"": 8}",0,59,15000,0.005,0.6365993618965149,0.6171196103096008,0.7376368641853333,0.23509934544563293,0.823199987411499,0.42458102107048035,0.08681134879589081,0.33260154724121094,0.007968127727508545,0.7325324416160583,0.6328148245811462,0.13918931782245636,4500,7500,12.7
sphere_skeleton,sae,"{""m"": 16}",0,115,15000,0.005,0.7895906567573547,0.7872065305709839,0.8505096435546875,0.6986755132675171,0.7599999904632568,0.32216015458106995,0.5592654347419739,0.7903403043746948,0.6733068227767944,0.4828972816467285,0.7933784127235413,0.3285149931907654,13300,15000,24.8
sphere_skeleton,sae,"{""m"": 32}",0,227,15000,0.005,0.8477495908737183,0.8422998785972595,0.8795772194862366,0.8039734959602356,0.8095999956130981,0.3165735602378845,0.6260433793067932,0.9209659695625305,0.7370518445968628,0.38596415519714355,0.847550630569458,0.2781648635864258,5400,8400,14.4
sphere_skeleton,sae,"{""m"": 64}",0,451,15000,0.005,0.9179477691650391,0.9206877946853638,0.9343148469924927,0.9364238381385803,0.8727999925613403,0.45996275544166565,0.8797996640205383,0.9736553430557251,0.8884462118148804,0.22247588634490967,0.9248331785202026,0.22958554327487946,8000,11000,24.5
sphere_skeleton,sae,"{""m"": 128}",0,899,15000,0.005,0.9496203064918518,0.9528563618659973,0.9546999335289001,0.9807947278022766,0.9151999950408936,0.5921787619590759,0.9649415612220764,0.9912184476852417,0.9043824672698975,0.14361195266246796,0.9574527144432068,0.18559923768043518,13300,15000,49.7
sphere_skeleton,sae,"{""m"": 256}",0,1795,15000,0.005,0.9592517018318176,0.9628397226333618,0.9667799472808838,0.9900662302970886,0.9215999841690063,0.659217894077301,0.9816360473632812,0.9956092238426208,0.9282869100570679,0.11825284361839294,0.9655901789665222,0.13496242463588715,11300,14300,73.6
sphere_skeleton,sae,"{""m"": 512}",0,3587,15000,0.005,0.9564734101295471,0.9596968293190002,0.9664024114608765,0.9854304790496826,0.9143999814987183,0.6405959129333496,0.9716193079948425,0.9945115447044373,0.9282869100570679,0.12214869260787964,0.965404212474823,0.0907309427857399,14500,15000,126.9
sphere_skeleton,sae,"{""m"": 1024}",0,7171,15000,0.005,0.9555473327636719,0.9587724208831787,0.9645149111747742,0.981456995010376,0.9192000031471252,0.6387336850166321,0.9699499011039734,0.9890230894088745,0.9123506546020508,0.12692560255527496,0.9650554656982422,0.04545971751213074,14800,15000,218.2
sphere_skeleton,sae,"{""m"": 2048}",0,14339,15000,0.005,0.9509168267250061,0.9565539360046387,0.9671574234962463,0.9728477001190186,0.9143999814987183,0.6517691016197205,0.9532554149627686,0.985729992389679,0.9123506546020508,0.13718056678771973,0.9601961970329285,0.019605545327067375,14400,15000,420.7
sphere_skeleton,sae_weak,"{""m"": 4}",0,31,15000,0.005,0.4882385730743408,0.489739328622818,1.0,0.0,0.0,0.45996275544166565,0.0,0.0,0.9920319318771362,1.0126172304153442,0.4954778850078583,0.27223148941993713,100,5000,9.1
sphere_skeleton,sae_weak,"{""m"": 8}",0,59,15000,0.005,0.6325245499610901,0.6173045039176941,0.7466968894004822,0.23642385005950928,0.8032000064849854,0.42830541729927063,0.09682804346084595,0.3282107710838318,0.007968127727508545,0.7401312589645386,0.6306293606758118,0.21729987859725952,2400,5400,9.8
sphere_skeleton,sae_weak,"{""m"": 16}",0,115,15000,0.005,0.7658825516700745,0.7700129747390747,0.8467346429824829,0.6456953883171082,0.7576000094413757,0.35009312629699707,0.639398992061615,0.6498353481292725,0.717131495475769,0.5145094394683838,0.7663388252258301,0.3481003940105438,5600,8600,15.2
sphere_skeleton,sae_weak,"{""m"": 32}",0,227,15000,0.005,0.840711236000061,0.8374931216239929,0.8799546957015991,0.7827814817428589,0.8136000037193298,0.34823092818260193,0.6878129839897156,0.8452250361442566,0.7490040063858032,0.39943888783454895,0.8438306450843811,0.3117027282714844,4700,7700,13.3
sphere_skeleton,sae_weak,"{""m"": 64}",0,451,15000,0.005,0.9323948621749878,0.9291921257972717,0.9475274085998535,0.934437096118927,0.8840000033378601,0.5195530652999878,0.8898163437843323,0.9637761116027832,0.8964143991470337,0.19982753694057465,0.9341098666191101,0.3113618493080139,14500,15000,32.5
sphere_skeleton,sae_weak,"{""m"": 128}",0,899,15000,0.005,0.9531394839286804,0.9576631784439087,0.9664024114608765,0.9768211841583252,0.9159999489784241,0.6461824774742126,0.9666109681129456,0.983534574508667,0.9282869100570679,0.12745346128940582,0.9611959457397461,0.3182586431503296,13900,15000,48.2
sphere_skeleton,sae_weak,"{""m"": 256}",0,1795,15000,0.005,0.967030942440033,0.9694952964782715,0.9739524722099304,0.9913907647132874,0.9335999488830566,0.716946005821228,0.9799665808677673,0.9989023208618164,0.9362549781799316,0.09757949411869049,0.9736811518669128,0.3157707452774048,14000,15000,76.0
sphere_skeleton,sae_weak,"{""m"": 512}",0,3587,15000,0.005,0.9679570198059082,0.969865083694458,0.9731974601745605,0.9960265159606934,0.9311999678611755,0.7076350450515747,0.9916527271270752,0.9989023208618164,0.9402390718460083,0.09267308562994003,0.9758666157722473,0.31864896416664124,13000,15000,126.2
sphere_skeleton,sae_weak,"{""m"": 1024}",0,7171,15000,0.005,0.9709205627441406,0.9735625982284546,0.9765949845314026,0.9966887831687927,0.9391999840736389,0.74301677942276,0.9966610670089722,0.9967069029808044,0.9641434550285339,0.08760447055101395,0.9786565899848938,0.26975712180137634,13600,15000,218.0
sphere_skeleton,sae_weak,"{""m"": 2048}",0,14339,15000,0.005,0.9705501198768616,0.9741172194480896,0.9784824848175049,0.9966887831687927,0.9375999569892883,0.748603343963623,0.9966610670089722,0.9967069029808044,0.9482071995735168,0.08597353100776672,0.9808653593063354,0.17832051217556,14900,15000,420.4
sphere_skeleton,relu1,"{""m"": 4}",0,31,15000,0.005,0.4882385730743408,0.489739328622818,1.0,0.0,0.0,0.45996275544166565,0.0,0.0,0.9920319318771362,1.0125969648361206,0.4954778850078583,0.27273988723754883,100,5000,7.5
sphere_skeleton,relu1,"{""m"": 8}",0,59,15000,0.005,0.6325245499610901,0.6174893975257874,0.7470743656158447,0.23642385005950928,0.8032000064849854,0.4264432191848755,0.09682804346084595,0.3282107710838318,0.007968127727508545,0.7401518821716309,0.6305596232414246,0.21729987859725952,2400,5400,8.8
sphere_skeleton,relu1,"{""m"": 16}",0,115,15000,0.005,0.7279125452041626,0.7256424427032471,0.7825594544410706,0.6019867658615112,0.7543999552726746,0.3817504644393921,0.37896493077278137,0.7486279010772705,0.4342629611492157,0.6089955568313599,0.7282788157463074,0.3348239064216614,5300,8300,13.5
sphere_skeleton,relu1,"{""m"": 32}",0,227,15000,0.005,0.8668271899223328,0.8630061149597168,0.89316725730896,0.8331125974655151,0.8351999521255493,0.3687150776386261,0.7562603950500488,0.8836443424224854,0.8446215391159058,0.3608103096485138,0.8650810122489929,0.3015806972980499,4000,7000,10.1
sphere_skeleton,relu1,"{""m"": 64}",0,451,15000,0.005,0.9153546690940857,0.9144019484519958,0.9331823587417603,0.9125828146934509,0.876800000667572,0.4972067177295685,0.8530884385108948,0.9517014622688293,0.9123506546020508,0.23299925029277802,0.9201599359512329,0.35090821981430054,15000,15000,26.8
sphere_skeleton,relu1,"{""m"": 128}",0,899,15000,0.005,0.9392480254173279,0.9399150013923645,0.9516798853874207,0.9576159119606018,0.8935999870300293,0.5605214238166809,0.921535849571228,0.9813392162322998,0.9003984332084656,0.17754024267196655,0.9455953240394592,0.4620742201805115,14600,15000,36.4
sphere_skeleton,relu1,"{""m"": 256}",0,1795,15000,0.005,0.9648082852363586,0.9665372967720032,0.9705549478530884,0.990728497505188,0.9287999868392944,0.690875232219696,0.9833054542541504,0.9956092238426208,0.9521912336349487,0.10466539859771729,0.9706354141235352,0.46194711327552795,14100,15000,49.8
sphere_skeleton,relu1,"{""m"": 512}",0,3587,15000,0.005,0.967030942440033,0.9713441133499146,0.9739524722099304,0.9960265159606934,0.9359999895095825,0.7243947982788086,0.9916527271270752,0.9989023208618164,0.944223165512085,0.09792964160442352,0.9737741351127625,0.4968256950378418,14600,15000,78.1
sphere_skeleton,relu1,"{""m"": 1024}",0,7171,15000,0.005,0.9683274626731873,0.9733777046203613,0.9781049489974976,0.9980132579803467,0.9335999488830566,0.7374301552772522,0.9966610670089722,0.9989023208618164,0.944223165512085,0.08916395902633667,0.9777498841285706,0.47243401408195496,14800,15000,128.6
sphere_skeleton,relu1,"{""m"": 2048}",0,14339,15000,0.005,0.9727727174758911,0.9752265214920044,0.9792374968528748,0.998675525188446,0.9383999705314636,0.7541899681091309,0.9983305335044861,0.9989023208618164,0.960159420967102,0.08205308765172958,0.9808653593063354,0.4825671315193176,14900,15000,249.3
sphere_skeleton,mlp2,"{""h"": 2}",0,23,15000,0.005,0.4882385730743408,0.489739328622818,1.0,0.0,0.0,0.45996275544166565,0.0,0.0,0.9920319318771362,1.0462480783462524,0.4954778850078583,nan,100,5000,10.9
sphere_skeleton,mlp2,"{""h"": 4}",0,51,15000,0.005,0.4882385730743408,0.489739328622818,1.0,0.0,0.0,0.45996275544166565,0.0,0.0,0.9920319318771362,1.0614567995071411,0.4954778850078583,nan,100,5000,10.1
sphere_skeleton,mlp2,"{""h"": 6}",0,87,15000,0.005,0.764030396938324,0.7496764659881592,0.8278595805168152,0.6225165724754333,0.7375999689102173,0.3556797206401825,0.39065107703208923,0.7749725580215454,0.7051793336868286,0.5391002297401428,0.7523424029350281,nan,4100,7100,14.3
sphere_skeleton,mlp2,"{""h"": 8}",0,131,15000,0.005,0.7432857751846313,0.7391384840011597,0.7897319793701172,0.6576159000396729,0.7303999662399292,0.3202979564666748,0.3088480830192566,0.8869374394416809,0.7410358786582947,0.5764601230621338,0.7422287464141846,nan,4200,7200,14.4
sphere_skeleton,mlp2,"{""h"": 12}",0,243,15000,0.005,0.845526933670044,0.8448881506919861,0.859947144985199,0.8350993394851685,0.8247999548912048,0.39292365312576294,0.6727879643440247,0.9418221712112427,0.7968127727508545,0.362837553024292,0.8460626006126404,nan,12500,15000,29.4
sphere_skeleton,mlp2,"{""h"": 16}",0,387,15000,0.005,0.9133172631263733,0.9107044339179993,0.9358248710632324,0.9052980542182922,0.8639999628067017,0.4804469347000122,0.8447412252426147,0.9451152682304382,0.8804781436920166,0.2370203286409378,0.9164864420890808,nan,14300,15000,29.3
sphere_skeleton,mlp2,"{""h"": 24}",0,771,15000,0.005,0.950175940990448,0.949898362159729,0.9641374349594116,0.9596026539802551,0.9079999923706055,0.6294227242469788,0.9282136559486389,0.9802414774894714,0.9163346886634827,0.14248070120811462,0.9558485150337219,nan,12100,15000,25.9
sphere_skeleton,mlp2,"{""h"": 32}",0,1283,15000,0.005,0.9522133469581604,0.9582177996635437,0.972819983959198,0.9629139304161072,0.9215999841690063,0.7001862525939941,0.9365609288215637,0.9802414774894714,0.944223165512085,0.12824612855911255,0.9626374244689941,nan,14600,15000,27.6
sphere_skeleton,mlp2,"{""h"": 48}",0,2691,15000,0.005,0.9703648686408997,0.9707894325256348,0.977727472782135,0.986092746257782,0.9375999569892883,0.7448789477348328,0.9766277074813843,0.9923161268234253,0.9641434550285339,0.09446939826011658,0.979214608669281,nan,13700,15000,34.3
sphere_skeleton,mlp2,"{""h"": 64}",0,4611,15000,0.005,0.9774032235145569,0.9779996871948242,0.9815024733543396,0.9927152395248413,0.9527999758720398,0.7988826632499695,0.9916527271270752,0.9934138655662537,0.9641434550285339,0.07529044151306152,0.9853293299674988,nan,14700,15000,38.5
sphere_skeleton,spline1,"{""G"": 4, ""h"": 1}",0,34,15000,0.01,0.6269679665565491,0.624699592590332,0.8591921925544739,0.22317881882190704,0.6128000020980835,0.4748603403568268,0.08013355731964111,0.3172338008880615,0.6892430782318115,0.8248094916343689,0.6290483474731445,nan,13400,15000,37.7
sphere_skeleton,spline1,"{""G"": 4, ""h"": 2}",0,65,15000,0.01,0.7977403402328491,0.7921982407569885,0.8629671931266785,0.7026489973068237,0.7504000067710876,0.4134078323841095,0.4257095158100128,0.8847420811653137,0.629482090473175,0.47060853242874146,0.7882634401321411,nan,13700,15000,41.3
sphere_skeleton,spline1,"{""G"": 4, ""h"": 4}",0,127,15000,0.01,0.8464530110359192,0.8459974527359009,0.8682522177696228,0.8298013210296631,0.818399965763092,0.40595903992652893,0.6661101579666138,0.9374313950538635,0.8685259222984314,0.3639135956764221,0.8449931144714355,nan,7500,10500,30.7
sphere_skeleton,spline1,"{""G"": 4, ""h"": 8}",0,251,15000,0.01,0.9536951184272766,0.9559993147850037,0.9716874361038208,0.9668874144554138,0.9095999598503113,0.659217894077301,0.9565942883491516,0.9736553430557251,0.9521912336349487,0.14991334080696106,0.9548255205154419,nan,11300,14300,49.3
sphere_skeleton,spline1,"{""G"": 4, ""h"": 16}",0,499,15000,0.01,0.9799962639808655,0.9828064441680908,0.990185022354126,0.9927152395248413,0.9551999568939209,0.8472998142242432,0.9916527271270752,0.9934138655662537,0.980079710483551,0.05784858763217926,0.9850735664367676,nan,12600,15000,70.6
sphere_skeleton,spline1,"{""G"": 4, ""h"": 32}",0,995,15000,0.01,0.9898129105567932,0.9902015328407288,0.9947150349617004,0.9947019815444946,0.9751999974250793,0.916201114654541,0.9983305335044861,0.9923161268234253,0.9920319318771362,0.03064638003706932,0.9947222471237183,nan,11300,14300,103.6
sphere_skeleton,spline1,"{""G"": 8, ""h"": 1}",0,58,15000,0.01,0.6477125287055969,0.6444814205169678,0.8108720779418945,0.3198675513267517,0.6839999556541443,0.4227188229560852,0.26210349798202515,0.35784852504730225,0.26693227887153625,0.7643188834190369,0.6488804817199707,nan,5800,8800,25.1
sphere_skeleton,spline1,"{""G"": 8, ""h"": 2}",0,113,15000,0.01,0.8983144760131836,0.8929561972618103,0.9161947965621948,0.9026490449905396,0.8319999575614929,0.34823092818260193,0.829716145992279,0.950603723526001,0.768924355506897,0.285012423992157,0.8955150842666626,nan,2800,5800,18.7
sphere_skeleton,spline1,"{""G"": 8, ""h"": 4}",0,223,15000,0.01,0.9707353115081787,0.9722684621810913,0.981124997138977,0.99403977394104,0.9271999597549438,0.7392923831939697,0.9983305335044861,0.9912184476852417,0.9721115827560425,0.0942966416478157,0.972611665725708,nan,12700,15000,54.9
sphere_skeleton,spline1,"{""G"": 8, ""h"": 8}",0,443,15000,0.01,0.9696239829063416,0.9685709476470947,0.9773499965667725,0.9827814698219299,0.9327999949455261,0.7337057590484619,0.9799665808677673,0.9846323132514954,0.9561753273010254,0.09532032907009125,0.9721001386642456,nan,8700,11700,53.0
sphere_skeleton,spline1,"{""G"": 8, ""h"": 16}",0,883,15000,0.01,0.987960696220398,0.9883527755737305,0.9932050108909607,0.9927152395248413,0.9727999567985535,0.9031657576560974,0.9899832606315613,0.9945115447044373,0.980079710483551,0.038937393575906754,0.9933040142059326,nan,9900,12900,86.2
sphere_skeleton,spline1,"{""G"": 8, ""h"": 32}",0,1763,15000,0.01,0.9877755045890808,0.9885376691818237,0.9943374991416931,0.9913907647132874,0.9727999567985535,0.910614550113678,0.9849749207496643,0.9956092238426208,0.9920319318771362,0.049390051513910294,0.99897700548172,nan,10900,13900,157.1
sphere_skeleton,spline1,"{""G"": 16, ""h"": 1}",0,106,15000,0.01,0.8097795844078064,0.8062488436698914,0.8652321696281433,0.7112582921981812,0.7960000038146973,0.4581005573272705,0.5626043081283569,0.809001088142395,0.48207172751426697,0.4601922035217285,0.8083978295326233,nan,4000,7000,23.3
sphere_skeleton,spline1,"{""G"": 16, ""h"": 2}",0,209,15000,0.01,0.8370068669319153,0.8415603637695312,0.8742921948432922,0.8370860815048218,0.7775999903678894,0.4189944267272949,0.7212019562721252,0.9132820963859558,0.525896430015564,0.3919791579246521,0.8374136686325073,nan,2100,5100,20.2
sphere_skeleton,spline1,"{""G"": 16, ""h"": 4}",0,415,15000,0.01,0.9598073363304138,0.960066556930542,0.9690449237823486,0.9735099673271179,0.9247999787330627,0.6834264397621155,0.9599332213401794,0.9824368953704834,0.9402390718460083,0.11382069438695908,0.9636837244033813,nan,7300,10300,49.6
sphere_skeleton,spline1,"{""G"": 16, ""h"": 8}",0,827,15000,0.01,0.9635117650032043,0.9639490246772766,0.9758399724960327,0.9596026539802551,0.9440000057220459,0.7579143643379211,0.9332219958305359,0.9769484400749207,0.944223165512085,0.10421591252088547,0.9708446264266968,nan,10500,13500,90.9
sphere_skeleton,spline1,"{""G"": 16, ""h"": 16}",0,1651,15000,0.01,0.9714761972427368,0.9694952964782715,0.9799924492835999,0.9715231657028198,0.9447999596595764,0.7765363454818726,0.9599332213401794,0.9791437983512878,0.9681274890899658,0.09724244475364685,0.9857245683670044,nan,3300,6300,69.2
sphere_skeleton,spline1,"{""G"": 16, ""h"": 32}",0,3299,15000,0.01,0.9551768898963928,0.9545202851295471,0.9731974601745605,0.9470198750495911,0.9239999651908875,0.7094972133636475,0.9248747825622559,0.9615806937217712,0.9482071995735168,0.162496879696846,0.9887238144874573,nan,1700,5000,93.8
sphere_skeleton,spline3,"{""G"": 4, ""h"": 1}",0,46,15000,0.01,0.7651416659355164,0.7598447203636169,0.8267270922660828,0.6033112406730652,0.8071999549865723,0.42458102107048035,0.11185308545827866,0.926454484462738,0.717131495475769,0.5460956692695618,0.7618516087532043,nan,12700,15000,75.1
sphere_skeleton,spline3,"{""G"": 4, ""h"": 2}",0,89,15000,0.01,0.8275606632232666,0.8252912163734436,0.8467346429824829,0.8622516989707947,0.7351999878883362,0.3147113621234894,0.7729548811912537,0.9209659695625305,0.8406374454498291,0.40682223439216614,0.8254167437553406,nan,6800,9800,56.6
sphere_skeleton,spline3,"{""G"": 4, ""h"": 4}",0,175,15000,0.01,0.9481385350227356,0.9458310604095459,0.9550774097442627,0.9688742160797119,0.8983999490737915,0.566107988357544,0.9398998022079468,0.9879253506660461,0.9402390718460083,0.153260737657547,0.9503615498542786,nan,13800,15000,101.9
sphere_skeleton,spline3,"{""G"": 4, ""h"": 8}",0,347,15000,0.01,0.9392480254173279,0.9449066519737244,0.9599848985671997,0.9549669027328491,0.9007999897003174,0.5940409898757935,0.9415692687034607,0.9637761116027832,0.9362549781799316,0.15787918865680695,0.9458510279655457,nan,13000,15000,142.1
sphere_skeleton,spline3,"{""G"": 4, ""h"": 16}",0,691,15000,0.01,0.9872198700904846,0.9870586395263672,0.9913175106048584,1.0,0.962399959564209,0.8696461915969849,1.0,1.0,0.9760956764221191,0.03767867013812065,0.9891422986984253,nan,12800,15000,232.7
sphere_skeleton,spline3,"{""G"": 4, ""h"": 32}",0,1379,15000,0.01,0.9914798736572266,0.9933444857597351,0.9981124997138977,0.9966887831687927,0.9791999459266663,0.942271888256073,0.9966610670089722,0.9967069029808044,0.9960159659385681,0.023969748988747597,0.9959777593612671,nan,12800,15000,420.9
sphere_skeleton,spline3,"{""G"": 8, ""h"": 1}",0,70,15000,0.01,0.7890350222587585,0.782769501209259,0.8116270303726196,0.7695364356040955,0.7375999689102173,0.36126628518104553,0.4657762944698334,0.969264566898346,0.09960159659385681,0.5140357613563538,0.7882401943206787,nan,4600,7600,42.8
sphere_skeleton,spline3,"{""G"": 8, ""h"": 2}",0,137,15000,0.01,0.8727542161941528,0.8776113986968994,0.9041147828102112,0.8602648973464966,0.8423999547958374,0.39851024746894836,0.7646076679229736,0.9231613874435425,0.8326693773269653,0.33028122782707214,0.8692194819450378,nan,7900,10900,71.2
sphere_skeleton,spline3,"{""G"": 8, ""h"": 4}",0,271,15000,0.01,0.933506190776825,0.9386208653450012,0.9531899094581604,0.9450331330299377,0.8999999761581421,0.601489782333374,0.9248747825622559,0.9582875967025757,0.892430305480957,0.18592044711112976,0.9375043511390686,nan,6300,9300,77.2
sphere_skeleton,spline3,"{""G"": 8, ""h"": 8}",0,539,15000,0.01,0.9881459474563599,0.9887225031852722,0.9939600229263306,0.995364248752594,0.9695999622344971,0.8994413614273071,0.9899832606315613,0.9989023208618164,0.9721115827560425,0.03641742467880249,0.9907930493354797,nan,13700,15000,188.3
sphere_skeleton,spline3,"{""G"": 8, ""h"": 16}",0,1075,15000,0.01,0.9942581653594971,0.9935293197631836,0.9962249994277954,0.9993377923965454,0.9807999730110168,0.93668532371521,0.9983305335044861,1.0,0.9920319318771362,0.01633010432124138,0.9987677335739136,nan,9900,12900,278.5
sphere_skeleton,spline3,"{""G"": 8, ""h"": 32}",0,2147,15000,0.01,0.9912946820259094,0.9929746985435486,0.9962249994277954,0.998675525188446,0.9791999459266663,0.9329609274864197,0.9983305335044861,0.9989023208618164,0.9920319318771362,0.025035900995135307,0.9991862177848816,nan,4500,7500,291.2
sphere_skeleton,spline3,"{""G"": 16, ""h"": 1}",0,118,15000,0.01,0.796629011631012,0.7892401814460754,0.8282371163368225,0.6774834394454956,0.8416000008583069,0.40595903992652893,0.27545908093452454,0.9418221712112427,0.262948215007782,0.5153770446777344,0.7944478988647461,nan,300,5000,34.5
sphere_skeleton,spline3,"{""G"": 16, ""h"": 2}",0,233,15000,0.01,0.8664567470550537,0.8604178428649902,0.8863722681999207,0.8821192383766174,0.7791999578475952,0.4040968418121338,0.7245408892631531,0.985729992389679,0.7649402618408203,0.3196067810058594,0.8679872751235962,nan,5400,8400,71.8
sphere_skeleton,spline3,"{""G"": 16, ""h"": 4}",0,463,15000,0.01,0.9820337295532227,0.9815123081207275,0.9913175106048584,0.9874172210693359,0.9535999894142151,0.8491620421409607,0.9782971143722534,0.9934138655662537,0.9681274890899658,0.052775945514440536,0.9837948083877563,nan,11300,14300,174.1
sphere_skeleton,spline3,"{""G"": 16, ""h"": 8}",0,923,15000,0.01,0.9925912022590637,0.990941047668457,0.9969800114631653,0.9933775067329407,0.9751999974250793,0.9292365312576294,0.9883138537406921,0.9967069029808044,0.9880478382110596,0.026484202593564987,0.9964659810066223,nan,11200,14200,279.7
sphere_skeleton,spline3,"{""G"": 16, ""h"": 16}",0,1843,15000,0.01,0.988701581954956,0.9905713200569153,0.9939600229263306,0.9960265159606934,0.9767999649047852,0.9199255108833313,0.9916527271270752,0.9989023208618164,0.9880478382110596,0.03944658860564232,0.9991862177848816,nan,5000,8000,273.8
sphere_skeleton,spline3,"{""G"": 16, ""h"": 32}",0,3683,15000,0.01,0.9820337295532227,0.9805879592895508,0.9860324859619141,0.9933775067329407,0.9535999894142151,0.8249534368515015,0.9866443872451782,0.9978046417236328,0.9681274890899658,0.07565784454345703,0.9985817670822144,nan,1600,5000,309.9
keyring_2,sae,"{""m"": 4}",0,31,15000,0.005,0.5956628322601318,0.6060340404510498,0.7106097936630249,0.8007791042327881,0.0,0.08009708672761917,0.8502023816108704,0.7660984992980957,0.029147982597351074,0.8225376605987549,0.5989366769790649,0.1696632206439972,3100,6100,11.1
keyring_2,sae,"{""m"": 8}",0,59,15000,0.005,0.6239944100379944,0.6304157376289368,0.8015509247779846,0.7345576286315918,0.0,0.0946601927280426,0.9028339982032776,0.6164773106575012,0.008968610316514969,0.7305555939674377,0.619240403175354,0.4298807382583618,10200,13200,23.9
keyring_2,sae,"{""m"": 16}",0,115,15000,0.005,0.7514865398406982,0.756884753704071,0.8216425776481628,0.7317752242088318,0.6269915699958801,0.27184465527534485,0.6977058053016663,0.7556818127632141,0.21748879551887512,0.5574530959129333,0.7510830163955688,0.4713866114616394,6200,9200,16.7
keyring_2,sae,"{""m"": 32}",0,227,15000,0.005,0.7674012184143066,0.7751271724700928,0.798378586769104,0.815247654914856,0.6457357406616211,0.24757282435894012,0.7381916046142578,0.8693181872367859,0.1704035997390747,0.5223093032836914,0.7744060158729553,0.2391466498374939,4800,7800,15.4
keyring_2,sae,"{""m"": 64}",0,451,15000,0.005,0.8788037896156311,0.8831784129142761,0.9051815271377563,0.8925988078117371,0.808809757232666,0.34223300218582153,0.8367071151733398,0.9318181872367859,0.6524664163589478,0.30022406578063965,0.8827725648880005,0.2160777747631073,10100,13100,33.2
keyring_2,sae,"{""m"": 128}",0,899,15000,0.005,0.9281217455863953,0.9296614527702332,0.9492421746253967,0.9521424770355225,0.839737594127655,0.4660194218158722,0.9028339982032776,0.9867424368858337,0.8116592168807983,0.2117408812046051,0.9325472116470337,0.18865111470222473,13300,15000,54.7
keyring_2,sae,"{""m"": 256}",0,1795,15000,0.005,0.9414131045341492,0.9445711374282837,0.9552344083786011,0.9671675562858582,0.8781630992889404,0.5315533876419067,0.9379217028617859,0.9876894354820251,0.8520179986953735,0.16601601243019104,0.9461996555328369,0.1459338366985321,14500,15000,84.5
keyring_2,sae,"{""m"": 512}",0,3587,15000,0.005,0.9475341439247131,0.9491317272186279,0.9608741402626038,0.9716194272041321,0.8800374865531921,0.5679611563682556,0.9406207799911499,0.9933712482452393,0.8542601466178894,0.15092526376247406,0.9502254128456116,0.10550643503665924,13700,15000,134.3
keyring_2,sae,"{""m"": 1024}",0,7171,15000,0.005,0.9442113041877747,0.9454481601715088,0.9622840881347656,0.9621592164039612,0.8725398182868958,0.5800970792770386,0.9379217028617859,0.9791666865348816,0.8408071994781494,0.15207967162132263,0.9493283629417419,0.052330970764160156,14600,15000,230.9
keyring_2,sae,"{""m"": 2048}",0,14339,15000,0.005,0.9487583041191101,0.9508858323097229,0.9626365900039673,0.9721758961677551,0.8837863206863403,0.5849514603614807,0.9460188746452332,0.9905303120613098,0.860986590385437,0.14685669541358948,0.9543386101722717,0.02721339277923107,13700,15000,438.4
keyring_2,sae_weak,"{""m"": 4}",0,31,15000,0.005,0.5956628322601318,0.6060340404510498,0.7106097936630249,0.8007791042327881,0.0,0.08009708672761917,0.8502023816108704,0.7660984992980957,0.029147982597351074,0.8225119709968567,0.5988710522651672,0.16970707476139069,3100,6100,10.9
keyring_2,sae_weak,"{""m"": 8}",0,59,15000,0.005,0.6253935098648071,0.632169783115387,0.7994360327720642,0.7434613704681396,0.0,0.08980582654476166,0.9028339982032776,0.6316288113594055,0.008968610316514969,0.7292261719703674,0.6216033101081848,0.4302534759044647,14200,15000,27.0
keyring_2,sae_weak,"{""m"": 16}",0,115,15000,0.005,0.7371459007263184,0.7439045906066895,0.8089531064033508,0.7273233532905579,0.5988753437995911,0.26213592290878296,0.719298243522644,0.7329545617103577,0.16816143691539764,0.5765684247016907,0.7358334064483643,0.5628288984298706,13100,15000,26.9
keyring_2,sae_weak,"{""m"": 32}",0,227,15000,0.005,0.8074501752853394,0.8102087378501892,0.8463165163993835,0.8269338011741638,0.6860356330871582,0.27912622690200806,0.7395411133766174,0.888257622718811,0.4327354431152344,0.4623742997646332,0.8111845850944519,0.2814309000968933,6800,9800,19.5
keyring_2,sae_weak,"{""m"": 64}",0,451,15000,0.005,0.8947184681892395,0.8972110152244568,0.9242157340049744,0.9042849540710449,0.8134958148002625,0.37378641963005066,0.827260434627533,0.9583333730697632,0.7040359377861023,0.2861599624156952,0.8964687585830688,0.31849128007888794,14800,15000,38.0
keyring_2,sae_weak,"{""m"": 128}",0,899,15000,0.005,0.9199020862579346,0.9173829555511475,0.940077543258667,0.9321091175079346,0.8322399258613586,0.4296116530895233,0.8812415599822998,0.9678030610084534,0.7982063293457031,0.23948083817958832,0.9206012487411499,0.3983265161514282,13400,15000,54.5
keyring_2,sae_weak,"{""m"": 256}",0,1795,15000,0.005,0.9351171851158142,0.9347482919692993,0.9506521224975586,0.9621592164039612,0.8462980389595032,0.4635922312736511,0.9311740398406982,0.9839015603065491,0.8161435127258301,0.19173434376716614,0.9389139413833618,0.35091638565063477,14200,15000,82.7
keyring_2,sae_weak,"{""m"": 512}",0,3587,15000,0.005,0.9510318636894226,0.950184166431427,0.9622840881347656,0.9710628986358643,0.8828490972518921,0.5461165308952332,0.9433197975158691,0.9905303120613098,0.8632287383079529,0.14028765261173248,0.956132709980011,0.26583054661750793,14800,15000,130.8
keyring_2,sae_weak,"{""m"": 1024}",0,7171,15000,0.005,0.9587268829345703,0.9573758840560913,0.9668664336204529,0.976071298122406,0.9006560444831848,0.6019417643547058,0.9514169692993164,0.9933712482452393,0.8744394779205322,0.12355554103851318,0.9638559818267822,0.18117263913154602,14700,15000,227.1
keyring_2,sae_weak,"{""m"": 2048}",0,14339,15000,0.005,0.960475742816925,0.9615857005119324,0.9703912734985352,0.9794101715087891,0.9081537127494812,0.6213592290878296,0.9608636498451233,0.9924242496490479,0.8834081292152405,0.113428995013237,0.968319296836853,0.11155980825424194,15000,15000,436.5
keyring_2,relu1,"{""m"": 4}",0,31,15000,0.005,0.5954879522323608,0.6056832075119019,0.7106097936630249,0.799666166305542,0.0,0.08009708672761917,0.8488528728485107,0.7651515603065491,0.029147982597351074,0.8224990963935852,0.5987616777420044,0.16983862221240997,3000,6000,9.7
keyring_2,relu1,"{""m"": 8}",0,59,15000,0.005,0.6255683898925781,0.6318190097808838,0.7990835309028625,0.7429048418998718,0.0,0.08980582654476166,0.9028339982032776,0.6306818127632141,0.008968610316514969,0.729246199131012,0.6209906935691833,0.4305165708065033,9200,12200,19.7
keyring_2,relu1,"{""m"": 16}",0,115,15000,0.005,0.7385449409484863,0.7439045906066895,0.8135353922843933,0.71841961145401,0.601686954498291,0.28883495926856995,0.7017543911933899,0.730113685131073,0.20403587818145752,0.5755899548530579,0.7392465472221375,0.5514054894447327,14900,15000,21.6
keyring_2,relu1,"{""m"": 32}",0,227,15000,0.005,0.8172438144683838,0.8191545605659485,0.8628833293914795,0.8174735903739929,0.7057169675827026,0.2597087323665619,0.7395411133766174,0.8721591234207153,0.39910316467285156,0.4388682246208191,0.8226272463798523,0.29687225818634033,12700,15000,24.2
keyring_2,relu1,"{""m"": 64}",0,451,15000,0.005,0.8847499489784241,0.8844062685966492,0.9161085486412048,0.892042338848114,0.7872539758682251,0.34951457381248474,0.8151146769523621,0.9460227489471436,0.6569507122039795,0.30554524064064026,0.8839539885520935,0.38968491554260254,13500,15000,29.7
keyring_2,relu1,"{""m"": 128}",0,899,15000,0.005,0.9050367474555969,0.905104398727417,0.9242157340049744,0.9259877800941467,0.8191190361976624,0.3859223425388336,0.8690958023071289,0.9659091234207153,0.7802690863609314,0.26834172010421753,0.9067299962043762,0.5336686968803406,15000,15000,40.5
keyring_2,relu1,"{""m"": 256}",0,1795,15000,0.005,0.9183281064033508,0.9198386669158936,0.9390200972557068,0.9398998618125916,0.8350515365600586,0.4199029207229614,0.8960863351821899,0.9706439971923828,0.7780269384384155,0.23178979754447937,0.9210169911384583,0.49222931265830994,15000,15000,55.9
keyring_2,relu1,"{""m"": 512}",0,3587,15000,0.005,0.9321441054344177,0.9324679970741272,0.946422278881073,0.9599332809448242,0.8491096496582031,0.46116504073143005,0.9325236082077026,0.9791666865348816,0.8071749210357666,0.1982124000787735,0.9376012086868286,0.5049114227294922,14700,15000,82.8
keyring_2,relu1,"{""m"": 1024}",0,7171,15000,0.005,0.9384400248527527,0.9412384033203125,0.9541769623756409,0.9682804942131042,0.861293375492096,0.5048543810844421,0.9406207799911499,0.9876894354820251,0.8408071994781494,0.17496317625045776,0.9439023733139038,0.473654568195343,14100,15000,134.5
keyring_2,relu1,"{""m"": 2048}",0,14339,15000,0.005,0.9512067437171936,0.9526398777961731,0.9633415341377258,0.9744018316268921,0.8875351548194885,0.5728155374526978,0.9446693062782288,0.9952651858329773,0.8677130341529846,0.1357685923576355,0.957401692867279,0.48317378759384155,14300,15000,256.9
keyring_2,mlp2,"{""h"": 2}",0,23,15000,0.005,0.4975516200065613,0.4976319968700409,1.0,0.0,0.0,0.41019418835639954,0.0,0.0,0.6121076345443726,1.0256524085998535,0.4949897229671478,nan,100,5000,10.7
keyring_2,mlp2,"{""h"": 4}",0,51,15000,0.005,0.4975516200065613,0.4976319968700409,1.0,0.0,0.0,0.41019418835639954,0.0,0.0,0.6121076345443726,1.0574969053268433,0.4949897229671478,nan,100,5000,10.8
keyring_2,mlp2,"{""h"": 6}",0,87,15000,0.005,0.7488632798194885,0.7533766031265259,0.7655974626541138,0.8313856720924377,0.589503288269043,0.21844659745693207,0.8218623399734497,0.8380681872367859,0.09192825853824615,0.5430704355239868,0.7477355599403381,nan,12600,15000,32.4
keyring_2,mlp2,"{""h"": 8}",0,131,15000,0.005,0.753235399723053,0.7637256979942322,0.794853687286377,0.8219254612922668,0.5829428434371948,0.19174757599830627,0.7692307233810425,0.8589015603065491,0.24887894093990326,0.5607537627220154,0.7575811147689819,nan,9400,12400,24.5
keyring_2,mlp2,"{""h"": 12}",0,243,15000,0.005,0.745715320110321,0.7516225576400757,0.8068382143974304,0.6371731162071228,0.7975632548332214,0.3980582654476166,0.5087718963623047,0.7272727489471436,0.3139013648033142,0.5157957673072815,0.7490264177322388,nan,12300,15000,29.7
keyring_2,mlp2,"{""h"": 16}",0,387,15000,0.005,0.8850997090339661,0.8931766748428345,0.9217483401298523,0.9131886959075928,0.7835051417350769,0.40048542618751526,0.8623481392860413,0.948863685131073,0.6502242684364319,0.28489214181900024,0.8891611695289612,nan,9800,12800,23.4
keyring_2,mlp2,"{""h"": 24}",0,771,15000,0.005,0.923224925994873,0.924750030040741,0.9517095685005188,0.9326655864715576,0.839737594127655,0.4635922312736511,0.8771929740905762,0.9715909361839294,0.7421525120735168,0.20793822407722473,0.9259834885597229,nan,13000,15000,29.7
keyring_2,mlp2,"{""h"": 32}",0,1283,15000,0.005,0.9442113041877747,0.9452727437019348,0.9608741402626038,0.9565943479537964,0.8847235441207886,0.5485436916351318,0.9365721940994263,0.9706439971923828,0.8475337028503418,0.16676825284957886,0.9487813711166382,nan,12500,15000,32.4
keyring_2,mlp2,"{""h"": 48}",0,2691,15000,0.005,0.9394893646240234,0.9370285868644714,0.9584067463874817,0.9443517327308655,0.8678538203239441,0.553398072719574,0.9028339982032776,0.9734848737716675,0.8094170689582825,0.1759999841451645,0.9412550330162048,nan,14000,15000,37.9
keyring_2,mlp2,"{""h"": 64}",0,4611,15000,0.005,0.9552291035652161,0.9524645209312439,0.9665139317512512,0.9649416208267212,0.8940955996513367,0.6019417643547058,0.923076868057251,0.9943181872367859,0.8587444424629211,0.14445441961288452,0.9570953845977783,nan,14800,15000,43.1
keyring_2,spline1,"{""G"": 4, ""h"": 1}",0,34,15000,0.01,0.6353620290756226,0.6477810740470886,0.6792386174201965,0.8536450266838074,0.21743205189704895,0.07524272054433823,0.8704453110694885,0.841856062412262,0.0,0.6846274137496948,0.6409005522727966,nan,2400,5400,14.7
keyring_2,spline1,"{""G"": 4, ""h"": 2}",0,65,15000,0.01,0.7222805619239807,0.7253113389015198,0.822700023651123,0.7228714823722839,0.47047796845436096,0.20145630836486816,0.6464237570762634,0.7765151858329773,0.47533634305000305,0.5705238580703735,0.7273224592208862,nan,3400,6400,19.8
keyring_2,spline1,"{""G"": 4, ""h"": 4}",0,127,15000,0.01,0.7733473181724548,0.7737239003181458,0.8367994427680969,0.7668336629867554,0.617619514465332,0.2572815418243408,0.7112010717391968,0.8058712482452393,0.4304932951927185,0.4933328628540039,0.7733120918273926,nan,6100,9100,27.8
keyring_2,spline1,"{""G"": 4, ""h"": 8}",0,251,15000,0.01,0.8781042695045471,0.880898118019104,0.9150511026382446,0.8875904679298401,0.7788191437721252,0.33252426981925964,0.8461537957191467,0.9166666865348816,0.6771301031112671,0.32526227831840515,0.8788124322891235,nan,7300,10300,38.4
keyring_2,spline1,"{""G"": 4, ""h"": 16}",0,499,15000,0.01,0.9447359442710876,0.9468514323234558,0.9622840881347656,0.9632721543312073,0.8781630992889404,0.5048543810844421,0.9392712116241455,0.980113685131073,0.8520179986953735,0.16755066812038422,0.9491751790046692,nan,13200,15000,75.1
keyring_2,spline1,"{""G"": 4, ""h"": 32}",0,995,15000,0.01,0.9711437821388245,0.975969135761261,0.983433187007904,0.9883139133453369,0.935332715511322,0.7305825352668762,0.9824560880661011,0.9924242496490479,0.9260089993476868,0.08274661004543304,0.9779241681098938,nan,12800,15000,113.8
keyring_2,spline1,"{""G"": 8, ""h"": 1}",0,58,15000,0.01,0.6776845455169678,0.681634783744812,0.7162495851516724,0.7952142953872681,0.398313045501709,0.1650485396385193,0.7381916046142578,0.8352273106575012,0.11883408576250076,0.639303982257843,0.6794731616973877,nan,7100,10100,28.3
keyring_2,spline1,"{""G"": 8, ""h"": 2}",0,113,15000,0.01,0.7231549620628357,0.7221540212631226,0.7821642756462097,0.725653886795044,0.5567010641098022,0.2160194218158722,0.6396760940551758,0.7859848737716675,0.2600896954536438,0.5913931131362915,0.7234717607498169,nan,700,5000,15.8
keyring_2,spline1,"{""G"": 8, ""h"": 4}",0,223,15000,0.01,0.8312346935272217,0.8302052617073059,0.8914346098899841,0.8196995258331299,0.68509840965271,0.3082524240016937,0.755735456943512,0.8645833730697632,0.6210762858390808,0.4163466989994049,0.8318601846694946,nan,6200,9200,34.2
keyring_2,spline1,"{""G"": 8, ""h"": 8}",0,443,15000,0.01,0.9461350440979004,0.9457989931106567,0.9647514820098877,0.9632721543312073,0.8659793734550476,0.4805825352668762,0.9406207799911499,0.9791666865348816,0.8408071994781494,0.16436544060707092,0.9453682899475098,nan,5600,8600,40.1
keyring_2,spline1,"{""G"": 8, ""h"": 16}",0,883,15000,0.01,0.9725428819656372,0.9726364016532898,0.9816707968711853,0.9821925759315491,0.9325211048126221,0.7233009934425354,0.9703103303909302,0.9905303120613098,0.9080718159675598,0.09351680427789688,0.9729795455932617,nan,12600,15000,105.5
keyring_2,spline1,"{""G"": 8, ""h"": 32}",0,1763,15000,0.01,0.9805876612663269,0.9829854369163513,0.9862530827522278,0.99443519115448,0.9550140500068665,0.7888349294662476,0.9919028282165527,0.9962121248245239,0.9506726861000061,0.06687645614147186,0.988294780254364,nan,10900,13900,164.3
keyring_2,spline1,"{""G"": 16, ""h"": 1}",0,106,15000,0.01,0.708289623260498,0.7196983098983765,0.7722947001457214,0.7356705665588379,0.552952229976654,0.2233009785413742,0.6585694551467896,0.7897727489471436,0.25784754753112793,0.5800206661224365,0.7220715284347534,nan,1900,5000,17.0
keyring_2,spline1,"{""G"": 16, ""h"": 2}",0,209,15000,0.01,0.8022035956382751,0.8193299770355225,0.882622480392456,0.7890929579734802,0.7019681334495544,0.32281553745269775,0.6126855611801147,0.9128788113594055,0.6367713212966919,0.4513542950153351,0.8122128844261169,nan,6300,9300,38.0
keyring_2,spline1,"{""G"": 16, ""h"": 4}",0,415,15000,0.01,0.9197272062301636,0.9254516959190369,0.9474797248840332,0.9443517327308655,0.8350515365600586,0.39320388436317444,0.9203778505325317,0.9611742496490479,0.8026906251907349,0.21236872673034668,0.9240800142288208,nan,6900,9900,49.6
keyring_2,spline1,"{""G"": 16, ""h"": 8}",0,827,15000,0.01,0.9592515230178833,0.9561480283737183,0.964398980140686,0.9716194272041321,0.9081537127494812,0.5703883767127991,0.958164632320404,0.9810606241226196,0.8878924250602722,0.14035288989543915,0.9596771001815796,nan,4900,7900,56.2
keyring_2,spline1,"{""G"": 16, ""h"": 16}",0,1651,15000,0.01,0.9790136814117432,0.980178952217102,0.9869580268859863,0.9855315089225769,0.9531396627426147,0.7936893105506897,0.9811065793037415,0.9886363744735718,0.9417040944099426,0.07376133650541306,0.9853630065917969,nan,12100,15000,171.7
keyring_2,spline1,"{""G"": 16, ""h"": 32}",0,3299,15000,0.01,0.9802379012107849,0.977723240852356,0.9855481386184692,0.9777407050132751,0.9568884968757629,0.7985436916351318,0.9797570705413818,0.9763258099555969,0.9686099290847778,0.09248310327529907,0.9958868026733398,nan,8000,11000,210.7
keyring_2,spline3,"{""G"": 4, ""h"": 1}",0,46,15000,0.01,0.6645680665969849,0.6742677092552185,0.6968628764152527,0.8085698485374451,0.38800376653671265,0.14320388436317444,0.7530364394187927,0.8475378751754761,0.0,0.6552122235298157,0.6667177677154541,nan,8000,11000,54.0
keyring_2,spline3,"{""G"": 4, ""h"": 2}",0,89,15000,0.01,0.7810423374176025,0.781617283821106,0.869933009147644,0.7807457447052002,0.5482661724090576,0.2233009785413742,0.7044534087181091,0.8342803120613098,0.6434977650642395,0.49752819538116455,0.775937557220459,nan,5800,8800,51.4
keyring_2,spline3,"{""G"": 4, ""h"": 4}",0,175,15000,0.01,0.8931444883346558,0.8982634544372559,0.9316179156303406,0.9092932939529419,0.7910028100013733,0.3616504967212677,0.8852901458740234,0.9261363744735718,0.7130045294761658,0.2959960699081421,0.8906270861625671,nan,13700,15000,103.7
keyring_2,spline3,"{""G"": 4, ""h"": 8}",0,347,15000,0.01,0.9590766429901123,0.9608840942382812,0.9658089280128479,0.9833055734634399,0.9100281000137329,0.6019417643547058,0.9757084846496582,0.9886363744735718,0.8834081292152405,0.12372882664203644,0.9609242081642151,nan,12100,15000,149.2
keyring_2,spline3,"{""G"": 4, ""h"": 16}",0,691,15000,0.01,0.9807625412940979,0.9815821647644043,0.9859005808830261,0.9949917197227478,0.9475164413452148,0.7669903039932251,0.9878542423248291,1.0,0.9484305381774902,0.05688602849841118,0.9821686744689941,nan,14800,15000,245.4
keyring_2,spline3,"{""G"": 4, ""h"": 32}",0,1379,15000,0.01,0.9872333407402039,0.9891247153282166,0.9901304244995117,0.999443531036377,0.969072163105011,0.8519417643547058,0.9986504316329956,1.0,0.966367781162262,0.036914389580488205,0.9891480803489685,nan,14400,15000,439.0
keyring_2,spline3,"{""G"": 8, ""h"": 1}",0,70,15000,0.01,0.708464503288269,0.7165409922599792,0.7550228834152222,0.7423483729362488,0.570759117603302,0.2402912676334381,0.6936572194099426,0.7765151858329773,0.19955158233642578,0.5822422504425049,0.7111320495605469,nan,8300,11300,64.6
keyring_2,spline3,"{""G"": 8, ""h"": 2}",0,137,15000,0.01,0.8029031157493591,0.8065251708030701,0.8505463600158691,0.8352810740470886,0.6410496830940247,0.25242719054222107,0.758434534072876,0.8892045617103577,0.5582959651947021,0.4659779369831085,0.8009670972824097,nan,13200,15000,100.1
keyring_2,spline3,"{""G"": 8, ""h"": 4}",0,271,15000,0.01,0.961000382900238,0.9628135561943054,0.9714487195014954,0.989426851272583,0.8950328230857849,0.5606796145439148,0.9878542423248291,0.9905303120613098,0.8632287383079529,0.11552539467811584,0.9631558656692505,nan,14500,15000,129.3
keyring_2,spline3,"{""G"": 8, ""h"": 8}",0,539,15000,0.01,0.9830360412597656,0.9847395420074463,0.9894254207611084,0.9966611266136169,0.9522024393081665,0.803398072719574,0.9919028282165527,1.0,0.9618834853172302,0.054521605372428894,0.9834595322608948,nan,10400,13400,177.7
keyring_2,spline3,"{""G"": 8, ""h"": 16}",0,1075,15000,0.01,0.9902064204216003,0.9893001317977905,0.9918928146362305,0.999443531036377,0.9653233289718628,0.8543689250946045,0.9986504316329956,1.0,0.9708520770072937,0.035553548485040665,0.9921454787254333,nan,10300,13300,304.9
keyring_2,spline3,"{""G"": 8, ""h"": 32}",0,2147,15000,0.01,0.9910808205604553,0.9910542368888855,0.9922453165054321,0.999443531036377,0.9737582206726074,0.8786407709121704,0.9986504316329956,1.0,0.9775785207748413,0.03315868601202965,0.9967838525772095,nan,10800,13800,562.9
keyring_2,spline3,"{""G"": 16, ""h"": 1}",0,118,15000,0.01,0.7551591396331787,0.7581126093864441,0.7804018259048462,0.7718420028686523,0.6757263541221619,0.27184465527534485,0.6693657040596008,0.84375,0.2511211037635803,0.540966272354126,0.7584562301635742,nan,9500,12500,88.1
keyring_2,spline3,"{""G"": 16, ""h"": 2}",0,233,15000,0.01,0.860790491104126,0.8694965839385986,0.9189284443855286,0.8530884981155396,0.765698254108429,0.3519417643547058,0.8097165822982788,0.8835227489471436,0.5919283032417297,0.3485497832298279,0.8733208179473877,nan,11800,14800,132.2
keyring_2,spline3,"{""G"": 16, ""h"": 4}",0,463,15000,0.01,0.9263728857040405,0.9256271123886108,0.9436023831367493,0.9410128593444824,0.8519212603569031,0.4490291178226471,0.928475022315979,0.9498106241226196,0.8318386077880859,0.21830137073993683,0.9296373128890991,nan,14500,15000,190.1
keyring_2,spline3,"{""G"": 16, ""h"": 8}",0,923,15000,0.01,0.9819867610931396,0.9831608533859253,0.9844906330108643,0.9966611266136169,0.9568884968757629,0.7839806079864502,0.9932523369789124,0.9990530610084534,0.9484305381774902,0.059138745069503784,0.9843128323554993,nan,10500,13500,280.7
keyring_2,spline3,"{""G"": 16, ""h"": 16}",0,1843,15000,0.01,0.9910808205604553,0.9910542368888855,0.9915403723716736,0.9988870620727539,0.9765698313713074,0.8834951519966125,0.9999999403953552,0.998106062412262,0.9753363728523254,0.03919244930148125,0.9967838525772095,nan,13100,15000,544.5
keyring_2,spline3,"{""G"": 16, ""h"": 32}",0,3683,15000,0.01,0.9900314807891846,0.9889492988586426,0.9901304244995117,0.9983305931091309,0.9700093865394592,0.8592233061790466,0.9999999403953552,0.9971591234207153,0.982062816619873,0.050059668719768524,0.9992561340332031,nan,7000,10000,663.7
